,Jurisdiction,Takers,Passers,Pass Rate,Poverty Rate,Num Lawyers,Num Complaints,Complaints Per Lawyer,No HS,HS,Some Coll,Percent with BA,"Asian, Hispanic","Asian, Not Hispanic","Black, Hispanic","Black, Not Hispanic","Multiracial, Hispanic","Multiracial, Not Hispanic","Native, Hispanic","Native, Not Hispanic","Pacific, Hispanic","Pacific, Not Hispanic","White, Hispanic","White, Not Hispanic",Unemployment Rate,Year
0,Alabama,751,406,0.5406125166444741,0.16,13761,1344,0.09766732068890342,0.142,0.309,0.299,0.249,0.0003247912814149524,0.013512017998712787,0.002970933447257585,0.2643869039044405,0.0013764473150827837,0.014554400169649862,0.0013084389883905665,0.0055608141792002925,0.0005279919181377589,0.00048512606373781597,0.034643441617015436,0.6603486931169597,0.061,2015
1,Alaska,135,84,0.6222222222222222,0.131,3102,181,0.058349451966473245,0.073,0.28,0.355,0.292,0.0016772926841835502,0.05968422965214821,0.0038454341571095784,0.03279059739823023,0.006691543570287648,0.06454932759139685,0.007496969483307073,0.1449319184594399,0.000638645799717423,0.012139693938153052,0.04802182514393259,0.6175325221220939,0.065,2015
2,Arizona,1105,634,0.5737556561085972,0.128,18422,3127,0.1697426989469113,0.132,0.24,0.33899999999999997,0.289,0.0025725964159939653,0.031932700760621734,0.006655366960306755,0.041375022768283594,0.007704465043436907,0.019284809411163867,0.013028875747546444,0.040319775052286524,0.0008164369729984263,0.0017996461325544579,0.2778906349290947,0.5566196698057126,0.061,2015
3,Arkansas,330,213,0.6454545454545455,0.159,9783,657,0.0671573137074517,0.138,0.341,0.295,0.226,0.0005275267557809679,0.015012518266999054,0.002260541132983753,0.15428126074529355,0.001936167583598384,0.01781569672483452,0.0022138662640763347,0.007321238609988825,0.0003519083641365082,0.002692031827559529,0.06445094236224534,0.7311363013625032,0.05,2015
4,Colorado,1159,798,0.6885245901639344,0.091,25991,3505,0.1348543726674618,0.086,0.214,0.298,0.401,0.0016432983899271698,0.030893532720938505,0.005142164482849025,0.039708488369127715,0.007671967039364124,0.021508367025200606,0.009402961826565514,0.00637523453740976,0.0005641556937619792,0.0012840733985821438,0.18807354682207886,0.6877322096941946,0.039,2015
5,Delaware,188,124,0.6595744680851063,0.07400000000000001,4221,174,0.0412224591329069,0.102,0.316,0.268,0.314,0.0006225750383531722,0.038178936140374736,0.01033729543204158,0.21462902602066183,0.0034050392456005407,0.021815624296150235,0.0032637380850186774,0.0031011886296124737,0.0005662670570686703,0.00035272169408404974,0.07042216112156999,0.633305427239464,0.049,2015
6,Florida,4601,2706,0.5881330145620517,0.13699999999999998,85356,7558,0.08854679225830639,0.12,0.28800000000000003,0.3,0.292,0.0010695707396718756,0.026619272699814272,0.012477187191753078,0.15591540657889671,0.004576664247617477,0.015836673504859854,0.002352511316469133,0.0025493044153206273,0.00047063091857595227,0.0006209101846589264,0.22551920076171844,0.5519926674406437,0.055,2015
7,Georgia,1825,1170,0.6410958904109589,0.14800000000000002,37561,3219,0.08570059370091318,0.133,0.27899999999999997,0.282,0.307,0.0008356874088945003,0.0384066449429859,0.00851279178444413,0.30999601412671307,0.0028945476652774238,0.017170006387025448,0.0027749812913502423,0.0022584977845834437,0.0005368205974840759,0.0006057898616557123,0.07669814461872229,0.5393100735308638,0.06,2015
8,Hawaii,292,193,0.660958904109589,0.092,4834,292,0.06040546131568059,0.08199999999999999,0.27699999999999997,0.317,0.325,0.01169577483805093,0.36531153572443203,0.0021405686993161994,0.018781310388087075,0.04327197598962626,0.19204642305625955,0.0018023250907843033,0.002161664974276609,0.007238835148081786,0.09491214104688155,0.036037360096536554,0.22460008494766717,0.036000000000000004,2015
9,Idaho,173,119,0.6878612716763006,0.115,4971,337,0.06779320056326694,0.094,0.27699999999999997,0.359,0.26899999999999996,0.0009442424528741856,0.01354827416827624,0.0014487671246151712,0.0068156256075646,0.004309355389480327,0.018677103604413894,0.006294747795202958,0.01120492968452369,0.00038581298427251844,0.0016141155464462506,0.10868600092425527,0.8260710247180749,0.040999999999999995,2015
10,Illinois,3157,2325,0.7364586632879315,0.10300000000000001,82495,5648,0.06846475543972362,0.111,0.261,0.287,0.341,0.0012114554317305048,0.05342947728163337,0.005193596068345746,0.1417271428774734,0.003586695080680614,0.015201984802292387,0.004276644534417489,0.0015058815624617726,0.00035656202044449635,0.0002764619373348276,0.15266274839871768,0.6205713500044677,0.06,2015
11,Indiana,765,546,0.7137254901960784,0.11599999999999999,18495,1715,0.09272776426061098,0.114,0.335,0.29100000000000004,0.259,0.00046970365996602516,0.020942669823446506,0.0032233111021057674,0.09293580222328417,0.00214090443981937,0.01722256841345786,0.0016960175969391786,0.0022609028297527005,0.0002702611909469462,0.00033835611587758774,0.058332382526418564,0.8001671200779853,0.048,2015
12,Iowa,319,261,0.8181818181818182,0.08900000000000001,9500,917,0.09652631578947368,0.08,0.311,0.326,0.282,0.00044409412488465087,0.023754549882087563,0.0015898954167948324,0.03419108223110838,0.0019506818414846713,0.015634292012714036,0.002118578898800369,0.0029375576745616734,0.00020826925048702963,0.0008593509689326361,0.05082859120270686,0.8654830564954373,0.038,2015
13,Kansas,174,136,0.7816091954022989,0.075,11141,801,0.07189659815097388,0.09300000000000001,0.26,0.318,0.32899999999999996,0.0007531769388290384,0.028817010317252152,0.003712601980535653,0.0582084426631594,0.004018547884487202,0.02425979138614464,0.003816417332213594,0.007917811242377564,0.00029907071509870537,0.0007944280719461012,0.1025809115194133,0.7648217899485427,0.042,2015
14,Kentucky,570,402,0.7052631578947368,0.157,18140,1168,0.06438809261300993,0.14300000000000002,0.33,0.29100000000000004,0.23600000000000002,0.0003615021861844709,0.014191898013003234,0.0021376076146820498,0.08009465030989775,0.0013305539840252185,0.016792680303734136,0.0008502079541326026,0.0020612402778505804,0.0002431102202090567,0.0005716253319041946,0.02977173848208847,0.8515931853222882,0.053,2015
15,Maine,154,94,0.6103896103896104,0.11599999999999999,5302,220,0.04149377593360996,0.077,0.318,0.29600000000000004,0.309,0.0002236004643662169,0.011566995065732513,0.0007423234271551847,0.014102639388915742,0.0010487388783237041,0.015591803424324417,0.0004886084221335851,0.006448276017833831,5.797049076161179e-05,0.0002815709551278287,0.01295075820884735,0.936496715256478,0.044000000000000004,2015
16,Maryland,1923,1111,0.577743109724389,0.08,38938,2144,0.05506189326621809,0.1,0.248,0.256,0.396,0.001141246218817882,0.06249622007089727,0.010003404859894526,0.29540534372545135,0.004138959716731695,0.022996838057980185,0.0032635197831047446,0.00242216186216098,0.0005606825223763449,0.0004901795353552432,0.07585052163856962,0.5212309220086602,0.051,2015
17,Massachusetts,2520,1703,0.6757936507936508,0.087,59217,734,0.012395089248019995,0.096,0.242,0.233,0.429,0.0009381492643461479,0.06395207814633244,0.01552788631762137,0.06937123687930402,0.005720002331390704,0.01712041456365609,0.002956627301880361,0.001789018561049173,0.0006036005856736042,0.00040357786050159046,0.08635020785290103,0.7352672003353434,0.048,2015
18,Michigan,1347,816,0.6057906458797327,0.105,41608,2014,0.048404153047490864,0.095,0.29,0.32899999999999996,0.28600000000000003,0.0003733494164905054,0.029860401753372907,0.0030814416241303744,0.13875659943927107,0.0023619284282724584,0.020750595440968654,0.0015485744405674146,0.005644745142203537,0.00012898074501735098,0.00025524292632239247,0.041356502879915505,0.7558816377634678,0.054000000000000006,2015
19,Minnesota,904,661,0.7311946902654868,0.079,28858,1210,0.04192944764016911,0.07,0.249,0.326,0.354,0.0006264100610868378,0.047259300930749766,0.0021025050565191884,0.059351167596248984,0.0025683906989233188,0.021168610471445623,0.0028113662962930535,0.01068290006333418,0.00020831691606324078,0.0004425366360502821,0.04350394160413511,0.8092745536691505,0.037000000000000005,2015
20,Mississippi,286,215,0.7517482517482518,0.196,9116,468,0.051338306274681875,0.161,0.303,0.318,0.218,0.0002533067913324238,0.010141640993002776,0.0032635417911032094,0.37286324679075017,0.0012471260387000576,0.010846349186590734,0.0010888511215266937,0.004890126087889091,0.0002349027311959862,0.00033495389448316546,0.024310090343858115,0.5705258642295675,0.064,2015
21,Missouri,1070,883,0.8252336448598131,0.124,26136,1995,0.07633149678604224,0.10400000000000001,0.307,0.302,0.28600000000000003,0.00039593315383485306,0.019173112383748164,0.002054603200536519,0.11608845713216591,0.0018961640599420397,0.019769482579270626,0.001248737592502436,0.004238988150333381,0.00022695336355425436,0.001160294953729842,0.03407989680703957,0.7996673766233424,0.05,2015
22,Montana,178,118,0.6629213483146067,0.10300000000000001,3877,274,0.070673200928553,0.068,0.292,0.327,0.312,0.00036682112617967443,0.00796040660860283,0.0005317935903345545,0.004990902253814988,0.002716223100997113,0.023301875348746937,0.005264562459060142,0.061403721584706084,0.00014556393896018825,0.0006880322181518232,0.02714767461607511,0.8654824231543705,0.042,2015
23,Nebraska,218,166,0.7614678899082569,0.105,6900,329,0.04768115942028985,0.08900000000000001,0.263,0.335,0.313,0.0008063334984774837,0.022656120705745377,0.0027499937872664873,0.046946058139553326,0.003211057925412301,0.017449056907052746,0.006097467478322847,0.008304441919401547,0.000562582847462323,0.0005964224172344929,0.09031146680258893,0.8003089975714821,0.03,2015
24,New Jersey,3951,2584,0.654011642622121,0.08199999999999999,75526,3600,0.047665704525593836,0.105,0.275,0.23199999999999998,0.389,0.0016300274167115757,0.09202229286614075,0.01945692290291701,0.1293128771940389,0.006427641836911782,0.01463652982217196,0.00445119835488454,0.0014370853959579605,0.0006637385938958377,0.00033051610919277954,0.1625329599888317,0.5670982095183452,0.057999999999999996,2015
25,New Mexico,260,195,0.75,0.166,6900,644,0.09333333333333334,0.147,0.264,0.317,0.271,0.002317053967111331,0.01479975742967351,0.006802786208335746,0.017983612622655246,0.009935906486937434,0.014448442079155082,0.01988856506824564,0.08766418847350609,0.0009070062523602504,0.0006289214858054718,0.44260517084503787,0.38201858908117636,0.065,2015
26,New York,14668,8209,0.5596536678483774,0.111,229394,11649,0.05078162462836866,0.135,0.261,0.244,0.359,0.001923207446007986,0.0830815949759716,0.030351724114772542,0.1454132062076252,0.007647802308113503,0.01663208115569097,0.006700698958710364,0.00291136974802828,0.0008882877989379214,0.00043200937629771983,0.13959397732833517,0.5644240405815087,0.053,2015
27,North Carolina,1802,956,0.5305216426193119,0.131,27938,1331,0.04764120552652302,0.126,0.259,0.31,0.305,0.0009753135228256659,0.02711160262234134,0.0076935529822324275,0.21412647535608811,0.0031895064877688066,0.017993457903119788,0.004324813694582126,0.011368423487032936,0.0005589312063045287,0.0006254207933573413,0.07320443723791689,0.63882806470643,0.057,2015
28,North Dakota,104,67,0.6442307692307693,0.09699999999999999,2997,189,0.06306306306306306,0.075,0.268,0.363,0.295,0.00036203727525176843,0.013838311235356057,0.0010927425450822606,0.024867849763813777,0.0018473184044897927,0.01819734612089658,0.004085849249269958,0.05101144992613379,0.00010211307763511417,0.0005357621216180017,0.02747770089090345,0.8565815193895494,0.027999999999999997,2015
29,Ohio,1456,1041,0.7149725274725275,0.11900000000000001,44157,4122,0.09334873293022623,0.099,0.33299999999999996,0.29100000000000004,0.278,0.000308929774813521,0.021199520345422912,0.003344945959669386,0.12416911103369935,0.0018485001153860025,0.01957068832291072,0.0008515581672416169,0.0019017816786653476,0.00017895374807392313,0.00035368973104172685,0.02926741637871812,0.7970049047443574,0.049,2015
30,Oklahoma,414,282,0.6811594202898551,0.134,18108,1310,0.07234371548486856,0.122,0.313,0.313,0.252,0.0006696508504923903,0.02161529607366671,0.0032935157948586775,0.07406829517841156,0.00545389435989257,0.05340887581532165,0.009136462463230592,0.0829942447883361,0.00036014835656733595,0.0014633584857398645,0.08227394807520143,0.6652623097582812,0.044000000000000004,2015
31,Oregon,648,398,0.6141975308641975,0.09699999999999999,15178,2043,0.13460271445513242,0.096,0.23,0.345,0.32899999999999996,0.0012505627781518565,0.042653603573093425,0.002461531872168678,0.018441692199197567,0.005901202054289664,0.03061164522465307,0.006736404674345683,0.01120177539075729,0.0004681517369425508,0.003810207301573388,0.10902506902747951,0.7674381541673473,0.055999999999999994,2015
32,Pennsylvania,2445,1620,0.6625766871165644,0.11800000000000001,64750,4018,0.06205405405405406,0.098,0.35100000000000003,0.243,0.308,0.0006973110154178086,0.03293146109301762,0.009779953203899686,0.10740623298275628,0.0033511601956882323,0.015600446967365844,0.0021667091910363115,0.0014222328876435236,0.0004058717733037587,0.0002889362749246646,0.051534373639500454,0.7744153107754458,0.053,2015
33,Rhode Island,214,135,0.6308411214953271,0.08900000000000001,5576,357,0.06402439024390244,0.12,0.282,0.265,0.33299999999999996,0.0013266228877957323,0.033901322361786446,0.021394516436014827,0.05769531231505636,0.0066141762107446034,0.019752572048122037,0.005746805357624767,0.004301818543366176,0.001148603542395591,0.0006221207974887909,0.10949704800367402,0.7379990814959306,0.06,2015
34,South Carolina,681,467,0.6857562408223201,0.128,12313,1542,0.12523349305611955,0.129,0.295,0.302,0.27399999999999997,0.0004969400675151648,0.015306817052873524,0.004871893306906179,0.2713703648737985,0.0018581592816589254,0.015822972408889892,0.0017050502275376344,0.003678705658166559,0.00037531137966180273,0.0005797293424405624,0.04498237712742884,0.6389516792731225,0.06,2015
35,Tennessee,1065,651,0.6112676056338028,0.12,21980,1204,0.05477707006369427,0.13,0.324,0.28,0.266,0.000529192844366023,0.01696557667303377,0.003071230145785953,0.16782665293111845,0.0017966461189743248,0.0161986415158462,0.0017608406398257062,0.0026992172861570857,0.00042010750746832503,0.0004974837547810176,0.043863684292773514,0.7443707262898697,0.055999999999999994,2015
36,Texas,4320,2791,0.6460648148148148,0.13699999999999998,98671,7760,0.07864519463672204,0.168,0.25,0.289,0.293,0.0017113179529011516,0.04560900785932144,0.00754887430881102,0.11761020800248824,0.005026782617407114,0.013824216448630465,0.006779454690591093,0.003244259858807714,0.000553438988256886,0.0008107009319529599,0.3671009261866812,0.43018081215415066,0.044000000000000004,2015
37,Utah,414,314,0.7584541062801933,0.069,9148,823,0.089965019676432,0.08,0.22899999999999998,0.358,0.33299999999999996,0.0011824933304492033,0.022642097902801462,0.002796935444114111,0.010389910910563462,0.004619638578258019,0.019206629474803266,0.005744449307221895,0.009611195790511548,0.0007689895651503186,0.009272142824804189,0.12115492641276261,0.7926105904585599,0.036000000000000004,2015
38,Vermont,101,51,0.504950495049505,0.09699999999999999,2700,208,0.07703703703703704,0.07400000000000001,0.292,0.261,0.373,0.00024151653188658,0.01666943904186713,0.0008333120073702529,0.011699956495035316,0.0012523671819019346,0.017018118538233186,0.0005710026614801925,0.003211690039922203,6.237844201044119e-05,0.00027990326543146687,0.014954831610195516,0.9332054841846658,0.036000000000000004,2015
39,Virginia,1624,1097,0.6754926108374384,0.098,31247,3346,0.10708227989887029,0.107,0.24100000000000002,0.27,0.382,0.0011304971365044497,0.06305502350687794,0.00684230013413367,0.19063580507947564,0.0036677474536607395,0.02483529877748927,0.002646078455759807,0.0026246716021224117,0.00039333598666699835,0.0007124057380891788,0.07473311991856307,0.6287237162106568,0.045,2015
40,Washington,1176,856,0.7278911564625851,0.086,31126,2242,0.07202981430315492,0.08900000000000001,0.222,0.337,0.353,0.001966314132572232,0.08263349292128308,0.0034074774936879307,0.037456986005890563,0.006453966179564432,0.03871653821504854,0.006198789249680715,0.013017792448745104,0.0006897315156211416,0.006570247570479714,0.1037510589912387,0.6991376052761878,0.055999999999999994,2015
41,West Virginia,273,185,0.6776556776556777,0.159,6669,551,0.08262108262108261,0.135,0.405,0.257,0.203,0.00013626123069406367,0.008040498357807877,0.0009179989685404847,0.0346195814445862,0.0007735946364105209,0.015605982465188241,0.00034038164002062917,0.0020623761569989957,6.243044434190169e-05,0.0002079205233299856,0.012873157623300128,0.924359816508781,0.067,2015
42,Wisconsin,214,145,0.677570093457944,0.086,25169,1979,0.0786284715324407,0.081,0.309,0.315,0.295,0.00048238655497193165,0.027377823757928393,0.002875051640878051,0.06339781355126073,0.002411759192076293,0.0157448263651418,0.0025131315375615786,0.008786066162813707,0.00017618652511569292,0.00033918075869562956,0.05676833988897645,0.8191274340645798,0.045,2015
43,Wyoming,81,60,0.7407407407407407,0.095,2879,129,0.04480722473080931,0.071,0.287,0.373,0.26899999999999996,0.0007069515191773407,0.008896660422497451,0.0014719618587702118,0.01115070874451216,0.0035501261071731673,0.016492120222740957,0.005913461620558287,0.0211180421199666,0.0002971245515383026,0.0007189048057334793,0.08538403348286326,0.8442999045444688,0.043,2015
44,Alabama,757,398,0.5257595772787318,0.15,13754,1149,0.0835393340119238,0.142,0.309,0.299,0.249,0.00032877388314031487,0.013956338252604849,0.0030066669750849436,0.2646253488981757,0.0014357898849085796,0.014968361425098052,0.0013438812384021876,0.005566744285266345,0.0005216381122745334,0.0004891513871112003,0.03559188037483101,0.6581654252831023,0.057999999999999996,2016
45,Alaska,105,64,0.6095238095238096,0.14400000000000002,3087,178,0.05766115970197603,0.073,0.28,0.355,0.292,0.001637319004768995,0.0613522582594247,0.0038896441595994906,0.0332791156858937,0.006921516583586889,0.0649977881357761,0.007942480740596879,0.14481371787402084,0.0006608618717766125,0.012621113053235796,0.04903999697891716,0.6128441876524029,0.069,2016
46,Arizona,988,505,0.5111336032388664,0.132,18555,3569,0.19234707625976827,0.132,0.24,0.33899999999999997,0.289,0.0025882169209597594,0.03293108038643022,0.0067387285422194155,0.042380197179916874,0.007907280028214662,0.019690042114532163,0.013230233024524165,0.04008415414794718,0.0008308514880698544,0.0018136967891991323,0.2796065218744309,0.5521989975035556,0.054000000000000006,2016
47,Arkansas,357,204,0.5714285714285714,0.14800000000000002,8714,725,0.08319944916226761,0.138,0.341,0.295,0.226,0.0005548647153533977,0.015576681367181308,0.002362941057246386,0.15450590952661578,0.00203249721229813,0.01833662327863172,0.002321468347961382,0.007402544150040235,0.00035653151691785525,0.0029465691032329313,0.06574762251004877,0.7278557472144721,0.04,2016
48,Colorado,1171,810,0.6917164816396243,0.077,26305,3549,0.13491731609960084,0.086,0.214,0.298,0.401,0.0016545665766719653,0.031558984440936126,0.005179253739022587,0.039978408492900165,0.007758319545278528,0.021955277056406007,0.009467045420695893,0.006387186632040822,0.0005686726368266984,0.0013036143208017743,0.188905287121009,0.6852833840174104,0.033,2016
49,Delaware,198,130,0.6565656565656566,0.092,3541,153,0.043208133295679185,0.102,0.316,0.268,0.314,0.0006354585892819318,0.03879775028690481,0.010490862779936369,0.21615919554947144,0.0034396962444713523,0.022241050624867614,0.003281621968530573,0.0030982558084392694,0.000611220533637679,0.00035724786362616065,0.07164031568486734,0.6292473240659654,0.045,2016
50,Florida,4637,2515,0.5423765365538064,0.13699999999999998,86977,6666,0.07664095105602631,0.12,0.28800000000000003,0.3,0.292,0.001093459390669512,0.027157087569457592,0.012856152312392519,0.1556029096886469,0.004781240932813033,0.016151520677467463,0.002393434159603448,0.002536835488743602,0.00047983171398013056,0.0006307523956293255,0.22967779768546567,0.5466389779851308,0.048,2016
51,Georgia,1975,1228,0.6217721518987341,0.133,38560,3105,0.08052385892116183,0.133,0.27899999999999997,0.282,0.307,0.0008633367275325207,0.03989763043480371,0.008695006450272717,0.3115246813934142,0.003006050346101541,0.01762783333931929,0.0028572427001258994,0.002262303324923873,0.0005431042265060101,0.0006061023753893703,0.07804529071849922,0.5340714179631116,0.054000000000000006,2016
52,Hawaii,283,200,0.7067137809187279,0.10300000000000001,4858,336,0.069164265129683,0.08199999999999999,0.27699999999999997,0.317,0.325,0.011715102493136885,0.3649376312993018,0.002178543934086087,0.01935191470194927,0.04373269335978408,0.19219801073020448,0.0017673525227328607,0.0021253062045071343,0.007271153066178,0.09437928660041371,0.03742332190823637,0.22291968317946928,0.03,2016
53,Idaho,202,145,0.7178217821782178,0.11699999999999999,5099,373,0.07315159835261816,0.094,0.27699999999999997,0.359,0.26899999999999996,0.0009890750008915942,0.014151975178021612,0.0015073883427049774,0.007099466232361297,0.0043735660195675175,0.01925962029981336,0.006339828100666913,0.011179995007073312,0.0003928957785993652,0.001663714499696858,0.11037221079660957,0.8226702647439936,0.038,2016
54,Illinois,2891,1993,0.6893808370805949,0.109,69572,5401,0.07763180589892485,0.111,0.261,0.287,0.341,0.0012227266476643277,0.05449042773358693,0.00524338820081265,0.1413217256981714,0.0036642019473926463,0.015604116741846884,0.0042888252565592665,0.0015093763306297783,0.0003601256017010845,0.00028118968900420395,0.15451689310431624,0.6174970030483147,0.057999999999999996,2016
55,Indiana,766,467,0.6096605744125326,0.114,18590,1437,0.07729962345346961,0.114,0.335,0.29100000000000004,0.259,0.0004844517224414196,0.0221257572761212,0.003301627420148368,0.09360997023953078,0.0021975176295810383,0.017758305920259308,0.0017276868832058344,0.002267004948823569,0.000275839033001804,0.00034894391333288317,0.05969382771727072,0.796209067296283,0.044000000000000004,2016
56,Iowa,260,178,0.6846153846153846,0.091,9600,906,0.094375,0.08,0.311,0.326,0.282,0.0004502820010787607,0.024571665254612116,0.0016283602294330502,0.035501701970159394,0.001997846949467182,0.016040577753322745,0.0021798758435202983,0.002972180556056756,0.0002091735536926158,0.0009641144406076444,0.05220684486124448,0.8612773765868049,0.036000000000000004,2016
57,Kansas,215,155,0.7209302325581395,0.147,11248,497,0.044185633001422475,0.09300000000000001,0.26,0.318,0.32899999999999996,0.0007661008284882323,0.02984392155677185,0.0037659180636269067,0.05793577395422084,0.004078542168525693,0.024665354790569333,0.003866919697517284,0.007888090189649463,0.0002882325538572318,0.0008348094229714818,0.10429346265206929,0.7617728741217324,0.04,2016
58,Kentucky,564,394,0.6985815602836879,0.14400000000000002,18447,1142,0.06190708516289912,0.14300000000000002,0.33,0.29100000000000004,0.23600000000000002,0.00037042194303883887,0.014801556132668738,0.002175890939127778,0.08062963618887194,0.0013753379198960295,0.017336828458138942,0.0008773862811394395,0.00209319942264648,0.00024784923196029366,0.000587402679745896,0.030623124513595883,0.8488813662891698,0.051,2016
59,Maine,189,129,0.6825396825396826,0.12,5319,240,0.04512126339537507,0.077,0.318,0.29600000000000004,0.309,0.00022759417929764286,0.01205122446419598,0.000753389312988567,0.014747802364125148,0.0010681152572978487,0.015956380035709,0.0005265462695961968,0.006500330124230368,6.609995966400189e-05,0.00028618277990891724,0.013342427085359836,0.9344739081676265,0.038,2016
60,Maryland,1868,1115,0.5968950749464668,0.078,39814,1815,0.04558697945446325,0.1,0.248,0.256,0.396,0.0011788471151727136,0.06351915430837221,0.010278474105091464,0.296497623066425,0.00425097899946413,0.023462505682269635,0.0033533094920929624,0.00243565105525723,0.0005798455288845861,0.0004945594298357759,0.07816237773646362,0.5157866734806706,0.045,2016
61,Michigan,1190,779,0.6546218487394958,0.127,41857,2393,0.057170843586496885,0.095,0.29,0.32899999999999996,0.28600000000000003,0.00038460104450287327,0.03105932312829083,0.0031298706375744666,0.13842974438351327,0.002421971563239939,0.021205516748737333,0.0015832257264432362,0.00566258961420405,0.0001325552071333394,0.0002640049500676896,0.0422874225006786,0.7534391744956144,0.05,2016
62,Minnesota,872,618,0.7087155963302753,0.092,26000,1215,0.04673076923076923,0.07,0.249,0.326,0.354,0.0006462367258015219,0.04852352381352458,0.002149474971137536,0.06179047951525546,0.002619712230007402,0.021625481825701138,0.0028882381656654735,0.010675490299749546,0.00021239441842678205,0.0004619080659903845,0.04427092764031793,0.8041361323284223,0.039,2016
63,Mississippi,276,190,0.6884057971014492,0.183,9094,478,0.0525621288761821,0.161,0.303,0.318,0.218,0.00026975124651180846,0.010155163862168493,0.0034164028838617132,0.37357401659606054,0.0012737881441984406,0.011173257276422738,0.0011489528899194027,0.004905054924165093,0.00023963013958120953,0.0003396991503839772,0.024746832096248315,0.5687574507904782,0.057999999999999996,2016
64,Missouri,970,757,0.7804123711340206,0.111,30846,1723,0.05585813395578033,0.10400000000000001,0.307,0.302,0.28600000000000003,0.0004006811086003514,0.019524948929176042,0.0021059168229388705,0.11617945059539504,0.001966770902896026,0.020273084135640166,0.0013053760102248431,0.0042762317576331066,0.00023689305395723932,0.0011893936967062502,0.03485465658310519,0.7976865964037269,0.046,2016
65,Montana,159,117,0.7358490566037735,0.09699999999999999,3939,291,0.07387661843107388,0.068,0.292,0.327,0.312,0.0003487504071156612,0.008278739003073424,0.0005495460960610419,0.00515247502303386,0.002789042512002106,0.023768829399563245,0.005479128296916297,0.061383914632049105,0.000154679932632566,0.0007023045388472406,0.027965363224029382,0.8634272269346761,0.040999999999999995,2016
66,Nebraska,219,169,0.771689497716895,0.10400000000000001,7009,485,0.06919674703952061,0.08900000000000001,0.263,0.335,0.313,0.0008196824543874526,0.024172236169301684,0.0028436998849715785,0.04765073341113844,0.0032949975231106373,0.01794642782176472,0.0063596233448921504,0.008358976834787282,0.0005667458711513758,0.0006118756349652815,0.09245776693730531,0.794917234112224,0.031,2016
67,New Hampshire,278,189,0.6798561151079137,0.066,5200,246,0.04730769230769231,0.071,0.276,0.28800000000000003,0.365,0.0003203440047619509,0.028498696646892252,0.0026901446539428016,0.01323765725724443,0.001758912081960386,0.014907171012294504,0.0007993700397897054,0.00209341082181647,0.0001638969326689051,0.00027787979947955274,0.029857551215928993,0.9053949655332201,0.028999999999999998,2016
68,New Jersey,2069,1196,0.5780570323827936,0.086,75137,3600,0.04791247987010394,0.105,0.275,0.23199999999999998,0.389,0.001679550283192311,0.09379114258456399,0.019909304961081984,0.12928805848654246,0.0066220432435442605,0.014916760297546102,0.00448909667610472,0.0014253462501297794,0.0006946364752688785,0.0003405544939609351,0.16515867122648203,0.5616848350215825,0.05,2016
69,New Mexico,281,185,0.6583629893238434,0.18600000000000003,7100,651,0.09169014084507042,0.147,0.264,0.317,0.271,0.002318765747288,0.014966796230690896,0.00692474290385967,0.018162390097675018,0.01016384350960734,0.014604877535701822,0.02049119586160076,0.08791899140861434,0.0009102948418219283,0.0006267838958133131,0.44454133857326583,0.3783699793940611,0.066,2016
70,New York,14490,8275,0.5710835058661146,0.134,141858,9293,0.06550917114297396,0.135,0.261,0.244,0.359,0.0019499905976684256,0.08477184931739888,0.030691787496304773,0.14519986015687122,0.00783510653361196,0.017041038375977948,0.006737234068345069,0.002910648104854639,0.0008987732554905847,0.00043889431840430515,0.14073135878258244,0.5607934589924898,0.049,2016
71,North Carolina,1827,943,0.5161466885604816,0.145,28487,1375,0.04826763084915926,0.126,0.259,0.31,0.305,0.0010248367568087093,0.028255144272829723,0.007956837700599953,0.21400052861763338,0.0033050419171724707,0.01845562900968489,0.004412105895268321,0.011309049484834148,0.0005648566961713036,0.0006395997631856027,0.07443897400910782,0.6356373958767036,0.051,2016
72,North Dakota,107,62,0.5794392523364486,0.113,3054,176,0.05762933857236411,0.075,0.268,0.363,0.295,0.00042946102641185313,0.01475543254943441,0.0012168062415002505,0.028235736989584245,0.0019736650257013866,0.0187703629475872,0.004293284767123433,0.05130336119528017,0.00010206326862257003,0.0005381517800099147,0.02853795030446666,0.8498437239042779,0.031,2016
73,Ohio,1416,942,0.6652542372881356,0.127,45080,3906,0.08664596273291926,0.099,0.33299999999999996,0.29100000000000004,0.278,0.0003224927520785397,0.022263603443933792,0.0034694616038513475,0.12490990057906015,0.0019106320325036937,0.020092192357643774,0.0008705241452695762,0.0019200867773674036,0.00018118729247909427,0.0003655548173214364,0.03013012307499246,0.7935642411234988,0.05,2016
74,Oklahoma,446,305,0.6838565022421524,0.126,17738,1309,0.07379636937647988,0.122,0.313,0.313,0.252,0.0006879195870139323,0.02202667070096739,0.0033756705687829174,0.07411957881289173,0.005573651329956644,0.05403212311952304,0.009515499330036108,0.08324845765677932,0.0003601326531054055,0.0015174472045275857,0.08452598621970486,0.6610168628167111,0.048,2016
75,Oregon,713,416,0.5834502103786816,0.102,15104,1876,0.12420550847457627,0.096,0.23,0.345,0.32899999999999996,0.0012975626262843596,0.04462031073042971,0.0025053936746817097,0.018786662806823316,0.006061404761299333,0.03122292160149595,0.0068054189071036116,0.01117610470085888,0.0004828879191467138,0.0038988003841587335,0.11044685836787306,0.7626956735198446,0.048,2016
76,Pennsylvania,2200,1444,0.6563636363636364,0.11199999999999999,65322,3900,0.05970423440800955,0.098,0.35100000000000003,0.243,0.308,0.0007333592807227195,0.03396907045107385,0.010178156861748007,0.1078837687344389,0.0035634501682994617,0.01598721667308832,0.0022568752432567756,0.0014409015609506133,0.00042371174145447503,0.00029102800557803676,0.05326352312088419,0.7700089381585047,0.054000000000000006,2016
77,Rhode Island,180,104,0.5777777777777777,0.122,5210,351,0.06737044145873321,0.12,0.282,0.265,0.33299999999999996,0.0013758906857688996,0.03453447770091884,0.022030337727225412,0.058535916046064895,0.006808482451242938,0.020235245133756637,0.005982380271960786,0.004308411480265337,0.001184742186095366,0.0006302222811018481,0.11264040425068841,0.7317334897849106,0.052000000000000005,2016
78,South Carolina,644,404,0.6273291925465838,0.156,12436,1541,0.12391444194274687,0.129,0.295,0.302,0.27399999999999997,0.000508474439528452,0.015892801244380764,0.0049820813688188385,0.2696723738434778,0.0019144940023816208,0.01626392102571053,0.0017242951144501135,0.0036892130001645834,0.0003707163902631078,0.0005907662171276619,0.04580606409722693,0.6385847992564696,0.05,2016
79,South Dakota,113,57,0.5044247787610621,0.10400000000000001,2653,120,0.04523181304183943,0.083,0.306,0.327,0.285,0.0002896884805955068,0.014299023402194216,0.0008146040074345651,0.019526162346059542,0.0023661755095041,0.02052964324284238,0.007323324789454412,0.08415218610514996,0.00024681458546737183,0.0004855178934780694,0.027131064338652786,0.8228357952991671,0.03,2016
80,Tennessee,1094,644,0.5886654478976234,0.115,22442,1086,0.04839140896533286,0.13,0.324,0.28,0.266,0.0005517596272048943,0.01737990162518564,0.0031233777860701383,0.16773537806894664,0.0018617185348803267,0.016666992676809093,0.0017973189928994992,0.002734272142232708,0.00041965028641244897,0.0005141430723095511,0.045003844411910306,0.7422116427751387,0.047,2016
81,Texas,4408,2904,0.6588021778584392,0.134,100294,7559,0.07536841685444792,0.168,0.25,0.289,0.293,0.001734337211497574,0.04707432469466487,0.007714223585596113,0.11836098273257432,0.005178938046693446,0.01421373405348707,0.00678387972376991,0.0032412291715999014,0.0005656218419088922,0.0008268847523555038,0.3691773532021633,0.42512849098368904,0.046,2016
82,Utah,447,318,0.7114093959731543,0.086,9556,865,0.09051904562578485,0.08,0.22899999999999998,0.358,0.33299999999999996,0.0011976193575789613,0.02335768678982783,0.0028439761357166057,0.01076608189441488,0.004742151861947987,0.019756938828377826,0.005833915212625926,0.009545779106785699,0.0007827427094140837,0.009424143322458436,0.122938930946379,0.7888100338344728,0.034,2016
83,Vermont,96,62,0.6458333333333334,0.102,2700,141,0.052222222222222225,0.07400000000000001,0.292,0.261,0.373,0.0002565512773848446,0.017423038625398256,0.0008754812340757821,0.012033858354832864,0.001335670087884847,0.01740219383411074,0.0005884644925014872,0.0032341495405326967,7.215504676448754e-05,0.0002982408599598818,0.01551333505436482,0.9309668615921893,0.032,2016
84,Virginia,1517,1038,0.6842452208305867,0.10300000000000001,31449,3162,0.10054373747972908,0.107,0.24100000000000002,0.27,0.382,0.001192731696841871,0.06457076759793515,0.007025000636139426,0.19070211481282162,0.0037965038728406037,0.025497300509648747,0.0026903346997053305,0.0026323092717261826,0.0004021352406259802,0.0007224641401666044,0.07651972519728051,0.624248612324268,0.040999999999999995,2016
85,Washington,1124,748,0.6654804270462633,0.099,31549,1987,0.06298139402199752,0.08900000000000001,0.222,0.337,0.353,0.0020076024319337785,0.0849856698722962,0.003478244896241431,0.03803135149821701,0.006627761173037509,0.039316244471553664,0.0063740177724564626,0.012899513912088536,0.0007044772207379779,0.00673496124826948,0.10564142452175675,0.6931987309814112,0.053,2016
86,West Virginia,235,149,0.6340425531914894,0.17300000000000001,6856,596,0.08693115519253208,0.135,0.405,0.257,0.203,0.00014691240907405313,0.00827133247370459,0.0009333580189872001,0.034689897396155044,0.0008175757486388757,0.01601290644628713,0.00036209266623084475,0.002091726865255106,7.099856200604798e-05,0.00021026497209483442,0.013352644942198979,0.9230402894993673,0.061,2016
87,Wisconsin,204,124,0.6078431372549019,0.095,25221,1866,0.07398596407755442,0.081,0.309,0.315,0.295,0.0004952683595755694,0.028216091527117286,0.0029433734513985657,0.06362145629339011,0.00248638921475626,0.01614221460312357,0.0026138874703168125,0.008835490525285884,0.00017686918332516838,0.0003603211570189522,0.05796458735951806,0.8161440508551737,0.04,2016
88,Wyoming,82,57,0.6951219512195121,0.124,2800,150,0.05357142857142857,0.071,0.287,0.373,0.26899999999999996,0.0007137783179137818,0.009267136242650393,0.0015319702506782606,0.011007933723030048,0.003623665944900422,0.016798610100733462,0.006004638703217138,0.02111893737750657,0.00029954725571921295,0.0007377420983713188,0.0865965440805183,0.842299495904761,0.053,2016
89,Alabama,766,397,0.5182767624020888,0.162,13841,1176,0.08496495917925005,0.142,0.309,0.299,0.249,0.00032536763876232284,0.014290532376131555,0.00305283469887902,0.26479427779667436,0.0014822075599355501,0.015400803284695043,0.0013585022092585761,0.005583768216792499,0.0005134900377188487,0.0005042582951310148,0.036433174697804036,0.6562607831882171,0.044000000000000004,2017
90,Alaska,100,53,0.53,0.126,3072,227,0.07389322916666667,0.073,0.28,0.355,0.292,0.0016087603082330674,0.06332972826821684,0.003920508314181425,0.033579829660673244,0.007059618764363932,0.06559686359334865,0.008358794105718534,0.14540354197647695,0.000665134513992159,0.013199945924023253,0.05019061781803434,0.6070866567527375,0.069,2017
91,Arizona,971,484,0.4984552008238929,0.161,18643,3221,0.17277262243201202,0.132,0.24,0.33899999999999997,0.289,0.002612717078118026,0.03343735555098745,0.006847096141855602,0.04312558986304388,0.008068559831277874,0.02001346392565142,0.013451716693109945,0.03987800695285979,0.0008459672391059181,0.0018570393446458323,0.28159976536085707,0.5482627220184872,0.049,2017
92,Arkansas,345,218,0.6318840579710145,0.16,9042,616,0.0681265206812652,0.138,0.341,0.295,0.226,0.0005740759559464174,0.0158925415105561,0.002483886390934731,0.15434380252853305,0.0021223817988268593,0.018860211005399245,0.0024135845762483154,0.007516630044196852,0.00037683105407742195,0.003173910363520355,0.06735713488452677,0.7248850098872339,0.037000000000000005,2017
93,Colorado,1103,763,0.6917497733454215,0.085,26590,3477,0.13076344490409927,0.086,0.214,0.298,0.401,0.001686955452579659,0.03215425832852954,0.005222309437916137,0.040080828456035715,0.007823218045273557,0.022422590626857107,0.009544386600937118,0.006419946239097914,0.0005666545198271169,0.001312571444354259,0.19019170920287926,0.6825745716457127,0.027999999999999997,2017
94,Delaware,213,146,0.6854460093896714,0.11599999999999999,3562,151,0.042391914654688376,0.102,0.316,0.268,0.314,0.0006678351168397917,0.039146216175823534,0.010678045991787405,0.21756688541140837,0.003574328794353815,0.02262591931841103,0.0033830708500945314,0.0031019321232871704,0.000642752107756607,0.00036056825557077957,0.07341483221034611,0.6248376136443209,0.045,2017
95,Florida,4415,2446,0.5540203850509626,0.13,87893,3976,0.04523682204498652,0.12,0.28800000000000003,0.3,0.292,0.0011166491195959399,0.02767733787110075,0.013232308762807251,0.15555810918661778,0.004974142577426897,0.01641372601182821,0.0024294953355607166,0.0025270453141831993,0.0004886562254321333,0.0006336216948862774,0.23384819210314559,0.5411007157974153,0.042,2017
96,Georgia,1718,1001,0.5826542491268918,0.154,39100,1991,0.05092071611253197,0.133,0.27899999999999997,0.282,0.307,0.0008842178874252785,0.0409957225179221,0.008884828819067214,0.31322964785938584,0.0030994214400504117,0.018047362571599557,0.002887516534057998,0.0022594864908220967,0.0005418656276986416,0.0006129488690560242,0.0792390827187995,0.5293178986641154,0.047,2017
97,Hawaii,274,185,0.6751824817518248,0.09300000000000001,4879,313,0.06415249026439844,0.08199999999999999,0.27699999999999997,0.317,0.325,0.01163793981015071,0.3643720518143518,0.002259207957354466,0.019550784088380103,0.0443325683291058,0.19345714279696685,0.0017853218879901826,0.002085800758638943,0.007278187971999301,0.09432860172719186,0.03796564571715812,0.22094674714071186,0.024,2017
98,Idaho,192,143,0.7447916666666666,0.111,5205,330,0.06340057636887608,0.094,0.27699999999999997,0.359,0.26899999999999996,0.0010176309806923733,0.014348131092759859,0.001515967433479943,0.007353373522382933,0.004504239643945591,0.019663331809991764,0.0063893020669901586,0.01110661547462763,0.0004115933085523501,0.0017162334846001811,0.11165822036833817,0.8203153608136391,0.032,2017
99,Illinois,2740,1885,0.6879562043795621,0.121,72062,5199,0.07214620743248869,0.111,0.261,0.287,0.341,0.0012330551753259376,0.05576606868798923,0.0052918780971150095,0.1408645612884061,0.0037441618276730856,0.015975565208327398,0.004298594518996578,0.0015099976304556255,0.0003598921591244518,0.0002842201178386625,0.15629617990006595,0.614375825388682,0.049,2017
100,Indiana,792,485,0.6123737373737373,0.11800000000000001,18517,1485,0.08019657611924177,0.114,0.335,0.29100000000000004,0.259,0.0004999941424537231,0.022922380903317743,0.003401131677940691,0.09431730898917075,0.002276933373264777,0.018237094849294345,0.001765674718740153,0.002282941113035924,0.00027575525549565505,0.00036887522194843615,0.06106882496720525,0.7925830847881326,0.036000000000000004,2017
101,Iowa,260,204,0.7846153846153846,0.098,9800,948,0.09673469387755101,0.08,0.311,0.326,0.282,0.00046633031465359456,0.025485508745682863,0.0017090289825086344,0.03694291034680333,0.0020760452642803713,0.01652655536279862,0.0022278811414747496,0.0029873788416545973,0.000216453661409177,0.0010552115993697378,0.053442727316133753,0.8568639684232305,0.031,2017
102,Kansas,176,132,0.75,0.11199999999999999,11248,893,0.07939189189189189,0.09300000000000001,0.26,0.318,0.32899999999999996,0.0007670045703983679,0.030024223730179413,0.003783109947406383,0.05762022994322585,0.0041592206600983665,0.025168820078123766,0.0039343793382514225,0.007860163824750285,0.0002898184010962905,0.0008818317898125566,0.10594392443681375,0.7595672732798435,0.036000000000000004,2017
103,Kentucky,495,300,0.6060606060606061,0.152,18645,1104,0.05921158487530169,0.14300000000000002,0.33,0.29100000000000004,0.23600000000000002,0.0003683515906948998,0.015266151992647343,0.0022837798623083785,0.08133090820229151,0.0014125385084635515,0.01781766057209494,0.0008779794926990019,0.002081860301311601,0.0002524556024030898,0.0006315882152646696,0.03175033488550105,0.84592639077432,0.049,2017
104,Maine,160,101,0.63125,0.127,5390,223,0.04137291280148423,0.077,0.318,0.29600000000000004,0.309,0.00025175856353756745,0.012225275960354021,0.0007942383254458974,0.015134735788378945,0.001075218865108361,0.01632983968374329,0.0005604625164467276,0.006553215466367754,5.844395224979245e-05,0.00029446760556626193,0.013818997581319515,0.9329033456914819,0.034,2017
105,Maryland,1605,888,0.5532710280373832,0.071,39890,2015,0.05051391326146904,0.1,0.248,0.256,0.396,0.0012256244658747503,0.06462840819221138,0.010626560874175862,0.29751614743218147,0.00439651068051292,0.023953048107959868,0.0034638873228961856,0.0024396284911953584,0.0005881602983332304,0.0004945327487255697,0.08041145655914107,0.5102560348267924,0.042,2017
106,Michigan,1094,700,0.6398537477148081,0.111,42078,1944,0.04619991444460288,0.095,0.29,0.32899999999999996,0.28600000000000003,0.0003904497632334294,0.03210130757554762,0.0031885727968215343,0.13808264901012862,0.0024919999911762764,0.021659533822635538,0.0016187521771033602,0.005677865509208057,0.00013416070447003813,0.0002717305748234704,0.04305836672477623,0.7513246113500758,0.046,2017
107,Minnesota,825,564,0.6836363636363636,0.087,25241,1110,0.04397607067865774,0.07,0.249,0.326,0.354,0.0006704717555688501,0.049512327014873625,0.0022151438226591428,0.06400490098325078,0.0027020083611349155,0.022090894555201634,0.0029970015612003098,0.01067275337167167,0.00021971783415345754,0.0004897390154557034,0.04511311965190084,0.7993119220729291,0.034,2017
108,Mississippi,262,137,0.5229007633587787,0.21100000000000002,9048,516,0.05702917771883289,0.161,0.303,0.318,0.218,0.00027505345473162213,0.010300785341190092,0.0035623103151737824,0.3738976948378958,0.0013106865963306129,0.0115345105085812,0.0012019367510900081,0.004942596812458382,0.0002405881191630612,0.00035168026876269444,0.02555721747626744,0.5668249395183553,0.051,2017
109,Missouri,946,748,0.7906976744186046,0.13,30937,1830,0.05915247115104891,0.10400000000000001,0.307,0.302,0.28600000000000003,0.0004157748822189508,0.02021379900993504,0.002143557781900774,0.11610173793573257,0.002021560031899546,0.020810523575041717,0.0013614621389398806,0.004326253097023418,0.00024350423389506883,0.0012353705047104232,0.03568900890337942,0.7954374479053232,0.037000000000000005,2017
110,Nebraska,217,161,0.7419354838709677,0.096,6933,431,0.06216645031011106,0.08900000000000001,0.263,0.335,0.313,0.0008230916617213316,0.025108732130899238,0.0029452798015811503,0.04799715232206319,0.003399363343558042,0.018449362117010544,0.006602479087365151,0.008363488134066338,0.0005584705631210049,0.0006158834247502671,0.09481420937009218,0.7903224880437716,0.028999999999999998,2017
111,Nevada,523,306,0.5850860420650096,0.10099999999999999,11700,1728,0.1476923076923077,0.13699999999999998,0.281,0.33899999999999997,0.242,0.004276904480109633,0.08099585676982934,0.009243730018300249,0.0897634772829434,0.01007843685235723,0.03339298731777616,0.008061200610793948,0.00863495633698721,0.0015337190920248292,0.006204575567231948,0.25384010599665646,0.4939740496749896,0.05,2017
112,New Hampshire,234,160,0.6837606837606838,0.064,5200,219,0.04211538461538462,0.071,0.276,0.28800000000000003,0.365,0.0003425299917629692,0.028810331060426887,0.002847002528938965,0.013681923090895746,0.001832016471095881,0.015228497902189152,0.000831117144515776,0.0021078198410868433,0.00018016187878441888,0.00026764789399660584,0.031242145720562255,0.9026288064757445,0.027000000000000003,2017
113,New Jersey,1351,778,0.5758697261287935,0.094,75131,3600,0.047916306185196524,0.105,0.275,0.23199999999999998,0.389,0.0017451979483485783,0.09590035479051603,0.020303133467071445,0.12911752541352367,0.006825933189091246,0.015212607020969498,0.0045603383030265515,0.0014253519066121584,0.0007423309258597551,0.00034651863564617733,0.16795687367938303,0.5558638347199518,0.046,2017
114,New Mexico,308,237,0.7694805194805194,0.17800000000000002,7200,663,0.09208333333333334,0.147,0.264,0.317,0.271,0.0023056873941095257,0.015038359601182532,0.006993073854661858,0.0182791339832411,0.010320855308196257,0.014861955154069444,0.020932371602421666,0.08830548469631663,0.0009164426154899359,0.0006587678268884359,0.4465743116880137,0.3748135562754089,0.059000000000000004,2017
115,New York,14094,8624,0.6118915850716617,0.11900000000000001,72372,6517,0.09004863759464986,0.135,0.261,0.244,0.359,0.001992999132395542,0.08611326475126664,0.030884901415916592,0.1448915269818044,0.007992007176062856,0.017443055927919202,0.006746191289937319,0.0029102218261838494,0.0009177842170313879,0.0004480955479782815,0.14162438056329152,0.5580355711702124,0.047,2017
116,North Carolina,1639,858,0.5234899328859061,0.136,28975,1305,0.0450388265746333,0.126,0.259,0.31,0.305,0.0010647401553899292,0.029415284986228887,0.008220791250062207,0.21389736676212937,0.003389482883763935,0.018933053038434167,0.004503988174012023,0.011262794679474063,0.0005725425202174513,0.0006504527117762131,0.07584829833915924,0.6322412044993525,0.045,2017
117,North Dakota,113,61,0.5398230088495575,0.111,3039,161,0.052977953274103325,0.075,0.268,0.363,0.295,0.00045036572345955056,0.016217139859750814,0.0013034113878946992,0.029961242055681098,0.0020173735200849866,0.019352480058070685,0.004392390408799616,0.051329771028767776,0.00012053906127887971,0.0005457372884274553,0.02961022171239645,0.844699327895388,0.027000000000000003,2017
118,Ohio,1372,888,0.6472303206997084,0.13699999999999998,44073,2598,0.05894765502688721,0.099,0.33299999999999996,0.29100000000000004,0.278,0.0003356018405355221,0.023240406015617963,0.0035749786657403955,0.12554562100920696,0.0019816203745395447,0.02059315674141162,0.000897110976744585,0.001932219234711162,0.00018328165939800938,0.00037591179838159807,0.031095787609405085,0.7902443040743076,0.05,2017
119,Oklahoma,421,341,0.8099762470308789,0.146,17859,1187,0.06646508763088639,0.122,0.313,0.313,0.252,0.0006982394699383107,0.022284140984850875,0.003458892645617905,0.07415328607519721,0.005720985034019143,0.054597747929700895,0.00992008782809624,0.08364272930489434,0.00035993036428514014,0.0015755538348990515,0.08639295340288086,0.65719545312562,0.042,2017
120,Oregon,667,502,0.7526236881559221,0.11800000000000001,15211,1435,0.09433962264150944,0.096,0.23,0.345,0.32899999999999996,0.0013333735557633714,0.04568656671392802,0.0025294277353766327,0.019042987722103232,0.006229328184862289,0.03184289118827114,0.0069267851217231285,0.011145072249539955,0.00048484117167938703,0.0039501644091827805,0.11256279224109325,0.7582657697064769,0.040999999999999995,2017
121,Pennsylvania,1865,1263,0.6772117962466488,0.111,65617,3707,0.05649450599692153,0.098,0.35100000000000003,0.243,0.308,0.0007610473268681847,0.034997698168098404,0.010581466902300432,0.10827618635837524,0.0037717668176640243,0.016370728580822686,0.0023343633122012105,0.0014522616016511567,0.0004391740431249204,0.0002986477333856964,0.05515505166277346,0.7655616074927346,0.049,2017
122,Rhode Island,165,95,0.5757575757575758,0.114,5245,311,0.059294566253574835,0.12,0.282,0.265,0.33299999999999996,0.0014455233770305767,0.03449268855033708,0.022580856003705692,0.05930624350532788,0.007002168285065546,0.02066264837691217,0.006242463338552753,0.00427878708653153,0.0012825941366313243,0.000620457281752967,0.11556419459434882,0.7265213754638037,0.044000000000000004,2017
123,Tennessee,1068,644,0.602996254681648,0.149,22832,1552,0.06797477224947442,0.13,0.324,0.28,0.266,0.0005619485693340939,0.017857890808772182,0.003243352498711021,0.16769394939392282,0.0019390952091425007,0.01714912013312666,0.0018428037566783563,0.0027712858888751923,0.0004127415354074552,0.0005258765391540274,0.046383562840383204,0.7396183728264925,0.038,2017
124,Texas,4208,2730,0.6487642585551331,0.138,100000,7640,0.0764,0.168,0.25,0.289,0.293,0.0017617076887719019,0.0484357581564949,0.007897467538129073,0.11916630032161202,0.005331102477788428,0.014564517543265973,0.006795764083986749,0.0032360882328295614,0.0005800262114452827,0.0008417660433953049,0.37093838960309733,0.4204511120991835,0.043,2017
125,Utah,397,302,0.760705289672544,0.086,9427,755,0.08008910576005092,0.08,0.22899999999999998,0.358,0.33299999999999996,0.0012166878100973802,0.024227985303004605,0.002855169326955262,0.011241382735222547,0.004831601764826146,0.020303820457768712,0.005936069230923025,0.009488423568594041,0.0007971514091070034,0.009484231429306666,0.12491349681816628,0.7847039801460284,0.033,2017
126,Vermont,111,65,0.5855855855855856,0.096,2728,147,0.053885630498533725,0.07400000000000001,0.292,0.261,0.373,0.0002690824289173917,0.01862915315915585,0.0008905347052266059,0.012430647207308791,0.0014174877951898313,0.017636110861960715,0.0006054354650641313,0.003277039580743949,8.168573734992248e-05,0.00030271773253206564,0.016168970951911128,0.9282911343746396,0.028999999999999998,2017
127,Virginia,1226,811,0.6615008156606852,0.114,31667,3304,0.10433574383427544,0.107,0.24100000000000002,0.27,0.382,0.00125537789119436,0.06600050309638218,0.007222705928349292,0.19078541994074144,0.003965930757254578,0.026164792776396106,0.0027049996650356403,0.002641905849139378,0.00041223656116490563,0.0007311320838315953,0.07837787926088549,0.619737116189625,0.037000000000000005,2017
128,Washington,1120,758,0.6767857142857143,0.11,31919,2113,0.0661988157523732,0.08900000000000001,0.222,0.337,0.353,0.002051226923865494,0.08781843051706222,0.003546910416062156,0.03864138647690898,0.0068041946492707756,0.03999872295059839,0.006538950949717931,0.01282168375999985,0.0007175993842143223,0.006884077591797356,0.10715454803362681,0.6870222683468757,0.047,2017
129,West Virginia,240,155,0.6458333333333334,0.18,6934,634,0.09143351600807614,0.135,0.405,0.257,0.203,0.0001662076693281908,0.008198661092655822,0.0009719296160052482,0.034748410020010966,0.0008541533205210335,0.016454008906969936,0.00037864528641654065,0.0021067647622129617,6.60427825145129e-05,0.00022454546054934387,0.013728093058683414,0.922102538024132,0.052000000000000005,2017
130,Wisconsin,218,150,0.6880733944954128,0.107,25283,1760,0.06961199224775541,0.081,0.309,0.315,0.295,0.0005034380588119276,0.028946565792532398,0.0029893685625988525,0.06392264428120271,0.002543268903624167,0.016573215437293377,0.00270820315616804,0.008876744201308904,0.00017978697057400227,0.00038029866398074256,0.05905682477212304,0.8133196411997818,0.033,2017
131,Wyoming,90,57,0.6333333333333333,0.109,2900,162,0.05586206896551724,0.071,0.287,0.373,0.26899999999999996,0.0007410209506832421,0.009755912189881005,0.0015718626226614225,0.011142951405262457,0.003782834223767599,0.01714021187326296,0.006133718871506276,0.021102687539620437,0.0002970993088986425,0.0007047471978525938,0.08700000518196468,0.8406269486346387,0.042,2017
132,Alabama,841,391,0.464922711058264,0.163,18409,1180,0.06409908197077517,0.142,0.309,0.299,0.249,0.00034003855816285884,0.014463300694132862,0.003117838500507705,0.264815768459521,0.0015567709922149175,0.015789287394165043,0.001405165353467217,0.00560859024965009,0.000515786525348115,0.0005170141013703636,0.037500810711664695,0.6543696284597952,0.039,2018
133,Alaska,82,48,0.5853658536585366,0.092,3114,245,0.07867694283879255,0.073,0.28,0.355,0.292,0.0016201017766708065,0.06345330610945685,0.004003324541345242,0.033611330646313144,0.007028602754036992,0.06655067953135393,0.008378007424446261,0.1467028684371255,0.0006815037700353267,0.01334713571174975,0.05058227083585553,0.6040408684616106,0.065,2018
134,Arizona,961,505,0.5254942767950052,0.172,18750,3047,0.16250666666666666,0.132,0.24,0.33899999999999997,0.289,0.0026202762103060846,0.03369253861121449,0.006936830611353077,0.04393600803797249,0.008209388512807446,0.020439998524732526,0.013556534596698753,0.03966066612797051,0.000846742061775708,0.0018822233622016356,0.2833999997764746,0.5448187935664927,0.047,2018
135,Arkansas,308,164,0.5324675324675324,0.161,9766,697,0.07137005938971944,0.138,0.341,0.295,0.226,0.0005860985010962766,0.01589443316068236,0.0025643470699892646,0.1542562081088256,0.0022038499760609993,0.01940471131492395,0.002452709260256641,0.0076119708957571985,0.00038242594941145943,0.003359101953561994,0.0687855035646019,0.7224986402448323,0.036000000000000004,2018
136,Colorado,1081,696,0.6438482886216467,0.099,26963,3586,0.1329970700589697,0.086,0.214,0.298,0.401,0.0017040082498036033,0.03285390457378094,0.0053051269422891515,0.040344653151387376,0.00794372169247483,0.022901849792498603,0.009601343246263981,0.006466024292923552,0.0005719268769963631,0.0013390644330535432,0.19165225721352658,0.6793161195350015,0.032,2018
137,Delaware,172,104,0.6046511627906976,0.111,4484,219,0.048840321141837645,0.102,0.316,0.268,0.314,0.0006908487911181911,0.03980821954698134,0.010858858659794775,0.21894831477432444,0.0037307906231000363,0.0231159869867703,0.00355678373118421,0.003113480458922462,0.0006939560570452594,0.0003552640709948119,0.07487164402332935,0.6202558522764348,0.038,2018
138,Florida,4204,2165,0.5149857278782112,0.162,88537,4131,0.04665845917526006,0.12,0.28800000000000003,0.3,0.292,0.0011350329596381,0.028016386688261147,0.013613617232316765,0.15537072808695143,0.005176160758663129,0.016673682660638137,0.0024913015560820337,0.0025182264037954243,0.000494673469615427,0.0006364996342315924,0.23776396294594926,0.5361097276038576,0.036000000000000004,2018
139,Georgia,1652,878,0.5314769975786925,0.18100000000000002,39750,2197,0.05527044025157233,0.133,0.27899999999999997,0.282,0.307,0.0009028524142644593,0.04185991022279144,0.00910206522970744,0.3148355776366977,0.0032129748929967668,0.018466709243753123,0.002933271405332119,0.00227530224863528,0.0005479905064450248,0.0006202948093787434,0.08056630632802503,0.5246767450619729,0.039,2018
140,Idaho,172,116,0.6744186046511628,0.12300000000000001,5236,343,0.06550802139037433,0.094,0.27699999999999997,0.359,0.26899999999999996,0.0010379677995768152,0.014363600634320002,0.0015223908562863031,0.007493133531672585,0.004644863059085903,0.020157825945881717,0.006364907662567351,0.011068038589323499,0.00040616131287788423,0.0017680299062687085,0.11295968777562987,0.8182133929265094,0.028999999999999998,2018
141,Illinois,2682,1758,0.6554809843400448,0.109,72952,5029,0.06893573856782542,0.111,0.261,0.287,0.341,0.0012526849846236023,0.05676357539779508,0.005362384600384609,0.14072200021519962,0.0038320936824136247,0.016315321984762956,0.004358617506732455,0.0015128423004163068,0.0003632770735933172,0.00028931694242687164,0.1581078184661549,0.6111200668454967,0.043,2018
142,Indiana,723,432,0.5975103734439834,0.135,18595,1411,0.07588061306802904,0.114,0.335,0.29100000000000004,0.259,0.0005124339537453306,0.024212989715326583,0.003485626235065149,0.09517411478191985,0.002351281764445567,0.018714368776507555,0.0018267501277351031,0.0023054300524666055,0.00028451958084664965,0.0003762230048045724,0.06257996979163757,0.7881762922154995,0.035,2018
143,Iowa,250,185,0.74,0.10400000000000001,9500,867,0.09126315789473684,0.08,0.311,0.326,0.282,0.000475764287697015,0.02591899049043104,0.0017683948957923762,0.03794204314400794,0.0021209305161820203,0.017020483272343612,0.0022975159260348508,0.003034029532956999,0.00021565016778789933,0.001167496342839938,0.05480404418700522,0.853234657236921,0.026000000000000002,2018
144,Kansas,148,97,0.6554054054054054,0.142,11090,849,0.07655545536519387,0.09300000000000001,0.26,0.318,0.32899999999999996,0.0007961917441304902,0.030601859818730703,0.0038707009338250623,0.057454267920926276,0.004268453323688353,0.025650907359758793,0.003989545775701314,0.007873642515402601,0.0002971121046906273,0.0009363324825279191,0.10747008527632627,0.7567909007442916,0.033,2018
145,Kentucky,499,315,0.6312625250501002,0.195,18783,1105,0.05882979289783315,0.14300000000000002,0.33,0.29100000000000004,0.23600000000000002,0.0003833089786429652,0.015391536672245942,0.002325407803767322,0.08175039053805148,0.0014731617588547175,0.018231385473665665,0.0008887836843972847,0.0020992330906382272,0.0002555393190953101,0.0006610398701860259,0.03285742497511294,0.8436827878353421,0.043,2018
146,Maine,162,89,0.5493827160493827,0.12300000000000001,5406,188,0.03477617462079171,0.077,0.318,0.29600000000000004,0.309,0.00023673376114683692,0.012470716332463817,0.0008177396481255093,0.015571405847547938,0.0011418483305789073,0.016711013795529243,0.0005780187101818668,0.006617343399123413,5.7503153338506126e-05,0.00028527538409492653,0.01421821475859504,0.931294186879274,0.032,2018
147,Maryland,1253,643,0.5131683958499601,0.096,40300,1802,0.044714640198511166,0.1,0.248,0.256,0.396,0.001263626606704461,0.06526125277137984,0.010998041353907898,0.2983832140285583,0.004539413320715292,0.024307954435881098,0.003564397904371283,0.002443420112190559,0.0006029024808964906,0.0005036613195727759,0.08280871373845597,0.505323401927366,0.039,2018
148,Massachusetts,1852,1141,0.6160907127429806,0.115,59092,3800,0.06430650511067489,0.096,0.242,0.233,0.429,0.0010449486279600763,0.06951451006772842,0.01658536301866945,0.0725238226347903,0.0067506122291825735,0.018360264637017655,0.003102009622768024,0.0018003279267315498,0.0006307177410977046,0.00042164083959123213,0.09368287000545576,0.7155829126490072,0.034,2018
149,Minnesota,798,551,0.6904761904761905,0.078,25665,1107,0.04313267095265926,0.07,0.249,0.326,0.354,0.0006967225323027929,0.05040857086440506,0.0022622969475669026,0.06598511767850483,0.0027749391794763306,0.02256482007845174,0.003040892404172558,0.010690748841159213,0.0002210033839024988,0.0005083612946909778,0.045988503186355084,0.794858023609012,0.028999999999999998,2018
150,Missouri,883,638,0.7225368063420159,0.098,30928,1748,0.056518365235385414,0.10400000000000001,0.307,0.302,0.28600000000000003,0.0004167195529682243,0.020706110127984033,0.002217712524930072,0.11602037564221122,0.002086701516901645,0.021309544870698506,0.0013811696669330993,0.004363385330981669,0.000253200825990101,0.0012870769728877457,0.036506168380509546,0.7934518345870041,0.032,2018
151,Montana,117,86,0.7350427350427351,0.11900000000000001,4035,286,0.07087980173482032,0.068,0.292,0.327,0.312,0.00038277872843923386,0.008613464194632613,0.0005911385781561568,0.005310819155906908,0.0031046560412571356,0.024556292514601688,0.0057567658025861135,0.06106546364780586,0.00014613473622680112,0.0007014467338886454,0.0298821965465062,0.8598888433199926,0.036000000000000004,2018
152,Nebraska,195,136,0.6974358974358974,0.10300000000000001,6952,450,0.06472957422324511,0.08900000000000001,0.263,0.335,0.313,0.000851676400358535,0.025935104335552194,0.0030198160171249276,0.048529456059210205,0.003516800355626829,0.01901263700824776,0.006618668123518005,0.008406669249392661,0.0005738429404854764,0.0006205812795295422,0.09680081262392151,0.7861139356070324,0.028999999999999998,2018
153,Nevada,500,272,0.544,0.13,9056,1485,0.16397968197879859,0.13699999999999998,0.281,0.33899999999999997,0.242,0.004347709755855056,0.08175887684935394,0.009459126011902855,0.0916176935469113,0.010384360400760932,0.034206585911530946,0.008156002247516881,0.008639925267751468,0.001556811736768339,0.006286374742719767,0.25588494986194155,0.48770158366698696,0.044000000000000004,2018
154,New Hampshire,205,94,0.4585365853658537,0.073,5400,163,0.030185185185185186,0.071,0.276,0.28800000000000003,0.365,0.0003649891205166,0.02905136076662492,0.0030093131333281615,0.014233836855773884,0.0019106515499107846,0.015509082244461438,0.0008659256057600307,0.0021396933057005537,0.0001824945602583,0.0002837162394299077,0.03245226141791624,0.8999966752003192,0.026000000000000002,2018
155,New Jersey,1446,778,0.5380359612724758,0.11199999999999999,75207,3500,0.0465382211762203,0.105,0.275,0.23199999999999998,0.389,0.0018044063571732018,0.09696967991874882,0.020746509265954123,0.1290556801269409,0.00704702046190507,0.015494892260600213,0.004671830205294269,0.0014303358363272668,0.0007752622798157782,0.00034953761665086473,0.17075779102579614,0.5508970546447933,0.040999999999999995,2018
156,New Mexico,300,205,0.6833333333333333,0.19699999999999998,7400,625,0.08445945945945946,0.147,0.264,0.317,0.271,0.002300810277048139,0.015331567547059097,0.007082099504907679,0.018559391725970868,0.01051396231067294,0.015022881474582856,0.021202337030717132,0.0882077619734119,0.0009346593773429202,0.0006575108912187413,0.448761695785575,0.3714253221014927,0.049,2018
157,New York,13438,7516,0.5593094210447983,0.142,73305,8579,0.11703158038332992,0.135,0.261,0.244,0.359,0.002028995792241522,0.08703356125038408,0.031058223172742774,0.14468413803725289,0.008163908574915012,0.017832449606256438,0.00679229984141094,0.0029138749221660175,0.0009283499308332964,0.00045298725045955394,0.1427063446017944,0.5554048670195431,0.040999999999999995,2018
158,North Carolina,1202,567,0.4717138103161398,0.153,28972,1252,0.0432141377882093,0.126,0.259,0.31,0.305,0.0010822978891049226,0.03011920592316321,0.008438956751911914,0.21374487495442665,0.0034849105847211633,0.01938436360816694,0.004565281991289409,0.011217040893926427,0.0005747660648174682,0.0006584717310360672,0.0776583412118442,0.6290714883955917,0.04,2018
159,North Dakota,84,49,0.5833333333333334,0.107,3033,149,0.0491262776129245,0.075,0.268,0.363,0.295,0.00044454411143942594,0.016316219924018573,0.001357376530181511,0.03177237230899114,0.002152807091599831,0.01993457154917687,0.004378165892781764,0.0513494617982271,0.00013191219924018574,0.000592285774588434,0.03100991979738286,0.8405603630223724,0.026000000000000002,2018
160,Ohio,1237,798,0.645109135004042,0.136,44856,2693,0.060036561441055826,0.099,0.33299999999999996,0.29100000000000004,0.278,0.0003449710829788202,0.023956991321168165,0.003700474318110442,0.1261906448261489,0.0020753076670165767,0.021100788337716413,0.000925032936259741,0.0019510392853377611,0.0001876443999023324,0.0003945585350753288,0.03208436615545915,0.7870881811348264,0.045,2018
161,Oklahoma,363,261,0.71900826446281,0.142,18033,1159,0.06427105861476183,0.122,0.313,0.313,0.252,0.0007250836561778675,0.022627076811408457,0.0035391290113406942,0.07416029754570476,0.005894826070018667,0.0553921276269055,0.010098128664914656,0.08375617190345246,0.00036749077148951777,0.0016780725007518587,0.08811327243172044,0.6536483230061151,0.034,2018
162,Oregon,622,433,0.6961414790996785,0.11900000000000001,15185,1580,0.10405004939084624,0.096,0.23,0.345,0.32899999999999996,0.0013814341184814698,0.04641542117599571,0.00258352331938269,0.01933051259646963,0.006429395731973564,0.03249347304063286,0.007029364262918693,0.011169123213784403,0.0004969049849756784,0.004013500128889214,0.11433166757773885,0.7543256798487572,0.040999999999999995,2018
163,Pennsylvania,1808,1187,0.6565265486725663,0.12300000000000001,65504,4326,0.06604176844162189,0.098,0.35100000000000003,0.243,0.308,0.0007843966239306825,0.03589124283391462,0.011018815675933344,0.1086032709206415,0.003991978077829081,0.016739341119334998,0.0024173258769954226,0.0014634883331060059,0.00045660773497409015,0.0003073997326130102,0.05739266280975699,0.7609334702609702,0.042,2018
164,Rhode Island,115,62,0.5391304347826087,0.11800000000000001,5245,310,0.05910390848427073,0.12,0.282,0.265,0.33299999999999996,0.0014873092081826573,0.035208785518484116,0.023178022596894794,0.060332405103719504,0.007264570007946804,0.021015093259200954,0.006402799996598276,0.004312629749774872,0.0013484054892481908,0.0006245942735760715,0.11940617242770628,0.7194192123686675,0.04,2018
165,South Carolina,653,395,0.6049004594180705,0.14300000000000002,12812,1384,0.10802372775522948,0.129,0.295,0.302,0.27399999999999997,0.0005210304325831072,0.017123392751913984,0.00528170260707972,0.2659314545029696,0.002061895819089737,0.017179449253720776,0.0017674516674940736,0.0036798634817657053,0.00037508683840543054,0.0005951823665520885,0.04820269086943831,0.6372807994089874,0.035,2018
166,Tennessee,900,504,0.56,0.147,22956,1360,0.059243770691758145,0.13,0.324,0.28,0.266,0.0005670716552629639,0.018476494067677342,0.0033045214660987875,0.16747471916293136,0.001985193818151048,0.017557660776259074,0.0018803446318914896,0.0028223628842150438,0.0004078781020407048,0.0005300052527965566,0.047811081259448426,0.7371826669232272,0.035,2018
167,Texas,4068,2403,0.5907079646017699,0.147,103342,8015,0.07755801126357144,0.168,0.25,0.289,0.293,0.0017975339821981228,0.049355320991903706,0.008074564144902874,0.11994998299955716,0.005462077764992613,0.014875509742577597,0.006856414476315452,0.0032395501767354443,0.0005872435690856151,0.0008674522242845685,0.37276637339651103,0.4161679765309358,0.038,2018
168,Utah,358,266,0.7430167597765364,0.09300000000000001,9572,934,0.09757626410363561,0.08,0.22899999999999998,0.358,0.33299999999999996,0.001240189627562588,0.02479427946282761,0.0028916617779962263,0.011527960552393334,0.004935390274452601,0.020803221765946314,0.005980561589319973,0.009451253349399882,0.000810515133738168,0.009667200456628245,0.12656847045393288,0.7813292955558022,0.03,2018
169,Vermont,117,80,0.6837606837606838,0.107,2744,131,0.04774052478134111,0.07400000000000001,0.292,0.261,0.373,0.0002562632335935473,0.018702411116699073,0.0009417673834562863,0.012675420191620834,0.0015087497877820097,0.018008898740786535,0.0005894054372651587,0.0033122022941965987,8.008226049798353e-05,0.00032032904199193413,0.016650703602740735,0.9269537669093693,0.025,2018
170,Virginia,1104,731,0.6621376811594203,0.109,31858,3156,0.09906459915876703,0.107,0.24100000000000002,0.27,0.382,0.0012975683914174868,0.06688717448160196,0.007442521049168326,0.19098439930147038,0.004138550332267377,0.026747600304236323,0.0027365271560091027,0.0026580684381163036,0.000410996642155081,0.0007556503804247969,0.08002353996795308,0.6159174035551798,0.03,2018
171,Washington,1006,629,0.6252485089463221,0.114,32297,2168,0.0671269777378704,0.08900000000000001,0.222,0.337,0.353,0.0021086225717114426,0.09066199850103716,0.0035825982616124762,0.03933268907260347,0.006979387865471874,0.040686380903229444,0.006581321391959377,0.012741715731626906,0.0007319372519643816,0.007032817822851515,0.10852116112069468,0.6810393695052372,0.045,2018
172,Wisconsin,202,128,0.6336633663366337,0.114,21000,1660,0.07904761904761905,0.081,0.309,0.315,0.295,0.0005164095639257872,0.02922871244063184,0.003065912732810484,0.06402979230313845,0.002635255740686978,0.016956107425587258,0.0027475261760586396,0.008926188387724226,0.00018355871795428113,0.00038726412446452,0.06049843940650955,0.810824832980508,0.03,2018
173,Wyoming,84,58,0.6904761904761905,0.098,2963,150,0.05062436719541006,0.071,0.287,0.373,0.26899999999999996,0.000763502833270718,0.010167918684351308,0.0016378087988074812,0.011175534668395657,0.004023538740410768,0.017564027763109828,0.006184199819598651,0.021275932694022344,0.00030470861373162444,0.0007029073703127245,0.08747734162510107,0.8387225783888879,0.039,2018
