,2019,Unnamed: 1,Unnamed: 2,Unnamed: 3,Unnamed: 4,Unnamed: 5
0,STATE,Total,Below poverty,Standard error,Percent,Standard error
1,Alabama,4873,627,71,12.9,1.5
2,Alaska,701,72,8,10.2,1.2
3,Arizona,7285,725,92,9.9,1.3
4,Arkansas,2915,412,36,14.1,1.3
5,California,39375,3980,180,10.1,0.5
6,Colorado,5768,535,85,9.3,1.5
7,Connecticut,3490,291,38,8.3,1.1
8,Delaware,971,63,11,6.5,1.1
9,District of Columbia,702,88,8,12.5,1.1
10,Florida,21402,2455,150,11.5,0.7
11,Georgia,10355,1249,114,12.1,1.1
12,Hawaii,1365,115,17,8.4,1.3
13,Idaho,1794,127,15,7.1,0.8
14,Illinois,12504,1160,98,9.3,0.8
15,Indiana,6691,677,68,10.1,1
16,Iowa,3137,298,35,9.5,1.1
17,Kansas,2813,266,29,9.5,1
18,Kentucky,4399,599,72,13.6,1.6
19,Louisiana,4563,816,60,17.9,1.3
20,Maine,1340,140,22,10.4,1.6
21,Maryland,6067,424,65,7,1.1
22,Massachusetts,6897,521,52,7.5,0.8
23,Michigan,9901,1007,102,10.2,1
24,Minnesota,5681,322,46,5.7,0.8
25,Mississippi,2911,560,59,19.2,2
26,Missouri,6063,568,99,9.4,1.7
27,Montana,1053,102,8,9.7,0.7
28,Nebraska,1885,165,23,8.7,1.2
29,Nevada,3105,323,30,10.4,1
30,New Hampshire,1351,49,9,3.7,0.7
31,New Jersey,8738,554,64,6.3,0.7
32,New Mexico,2058,315,23,15.3,1.1
33,New York,19068,2382,143,12.5,0.8
34,North Carolina,10467,1324,96,12.7,0.9
35,North Dakota,749,61,6,8.1,0.9
36,Ohio,11514,1424,118,12.4,1
37,Oklahoma,3899,422,44,10.8,1.1
38,Oregon,4135,336,44,8.1,1.1
39,Pennsylvania,12551,1092,90,8.7,0.7
40,Rhode Island,1047,96,14,9.2,1.3
41,South Carolina,5144,775,60,15.1,1.2
42,South Dakota,860,91,12,10.6,1.3
43,Tennessee,6721,879,113,13.1,1.6
44,Texas,28673,3174,175,11.1,0.6
45,Utah,3232,236,46,7.3,1.4
46,Vermont,615,53,7,8.6,1.2
47,Virginia,8335,737,76,8.8,0.9
48,Washington,7549,527,64,7,0.8
49,West Virginia,1745,242,21,13.9,1.1
50,Wisconsin,5730,479,56,8.4,1
51,Wyoming,565,52,8,9.2,1.5
52,2018,,,,,
53,STATE,Total,Below poverty,Standard error,Percent,Standard error
54,Alabama,4877,779,65,16,1.3
55,Alaska,720,94,9,13.1,1.2
56,Arizona,7241,929,80,12.8,1.1
57,Arkansas,2912,462,38,15.9,1.3
58,California,39150,4664,184,11.9,0.5
59,Colorado,5739,521,51,9.1,0.9
60,Connecticut,3413,348,43,10.2,1.3
61,Delaware,976,72,9,7.4,1
62,District of Columbia,692,102,8,14.7,1.1
63,Florida,21117,2883,173,13.7,0.8
64,Georgia,10423,1548,115,14.8,1.1
65,Hawaii,1393,128,16,9.2,1.1
66,Idaho,1766,202,25,11.5,1.4
67,Illinois,12589,1292,130,10.3,1
68,Indiana,6582,761,68,11.6,1
69,Iowa,3110,277,30,8.9,1
70,Kansas,2835,212,27,7.5,0.9
71,Kentucky,4445,696,76,15.7,1.7
72,Louisiana,4510,858,38,19,0.9
73,Maine,1321,153,19,11.6,1.4
74,Maryland,6030,480,50,8,0.8
75,Massachusetts,6883,601,59,8.7,0.9
76,Michigan,9913,1036,78,10.5,0.8
77,Minnesota,5746,456,47,7.9,0.8
78,Mississippi,2899,567,27,19.6,0.9
79,Missouri,6026,745,81,12.4,1.4
80,Montana,1041,107,12,10.3,1.2
81,Nebraska,1893,199,25,10.5,1.3
82,Nevada,3008,390,37,13,1.2
83,New Hampshire,1349,82,11,6.1,0.8
84,New Jersey,8790,725,65,8.2,0.7
85,New Mexico,2054,342,27,16.6,1.3
86,New York,19343,2145,110,11.1,0.6
87,North Carolina,10369,1355,96,13.1,0.9
88,North Dakota,745,72,9,9.7,1.2
89,Ohio,11452,1365,115,11.9,1
90,Oklahoma,3858,518,48,13.4,1.2
91,Oregon,4172,404,45,9.7,1.1
92,Pennsylvania,12519,1476,124,11.8,1
93,Rhode Island,1036,92,15,8.9,1.4
94,South Carolina,5036,642,45,12.8,0.9
95,South Dakota,853,90,8,10.6,0.9
96,Tennessee,6665,800,73,12,1.1
97,Texas,28497,3894,173,13.7,0.6
98,Utah,3173,219,37,6.9,1.2
99,Vermont,616,60,7,9.7,1.1
100,Virginia,8393,821,86,9.8,1
101,Washington,7555,647,101,8.6,1.3
102,West Virginia,1762,279,21,15.9,1.2
103,Wisconsin,5795,499,54,8.6,0.9
104,Wyoming,565,53,6,9.5,1.1
105,2017 (21),,,,,
106,STATE,Total,Below poverty,Standard error,Percent,Standard error
107,Alabama,4801,735,58,15.3,1.3
108,Alaska,719,87,12,12.1,1.6
109,Arizona,6981,951,104,13.6,1.5
110,Arkansas,2921,436,33,14.9,1.1
111,California,39247,4759,182,12.1,0.5
112,Colorado,5527,489,51,8.9,0.9
113,Connecticut,3553,377,43,10.6,1.2
114,Delaware,967,85,10,8.8,1.1
115,District of Columbia,691,96,8,13.9,1.1
116,Florida,20909,2809,173,13.4,0.8
117,Georgia,10231,1339,104,13.1,1
118,Hawaii,1402,149,17,10.6,1.2
119,Idaho,1730,199,23,11.5,1.4
120,Illinois,12597,1454,102,11.5,0.8
121,Indiana,6532,762,70,11.7,1.1
122,Iowa,3053,230,33,7.5,1.1
123,Kansas,2868,411,33,14.3,1.2
124,Kentucky,4395,591,76,13.5,1.8
125,Louisiana,4535,931,48,20.5,1.1
126,Maine,1315,163,19,12.4,1.4
127,Maryland,5977,451,58,7.6,1
128,Massachusetts,6784,763,71,11.2,1
129,Michigan,9895,1135,88,11.5,0.9
130,Minnesota,5619,479,57,8.5,1
131,Mississippi,2948,544,27,18.5,0.9
132,Missouri,5988,683,81,11.4,1.4
133,Montana,1041,107,11,10.3,1
134,Nebraska,1878,216,25,11.5,1.3
135,Nevada,2979,392,37,13.2,1.2
136,New Hampshire,1333,95,13,7.2,1
137,New Jersey,9015,894,95,9.9,1.1
138,New Mexico,2035,402,28,19.7,1.4
139,New York,19735,2510,141,12.7,0.7
140,North Carolina,10297,1567,96,15.2,1
141,North Dakota,740,92,11,12.4,1.5
142,Ohio,11491,1479,98,12.9,0.9
143,Oklahoma,3817,490,47,12.8,1.2
144,Oregon,4202,482,55,11.5,1.4
145,Pennsylvania,12568,1373,94,10.9,0.8
146,Rhode Island,1046,118,15,11.3,1.4
147,South Carolina,4955,756,55,15.2,1.1
148,South Dakota,870,93,15,10.7,1.7
149,Tennessee,6699,759,65,11.3,1
150,Texas,28090,3715,186,13.2,0.7
151,Utah,3130,272,34,8.7,1.1
152,Vermont,613,53,6,8.6,1
153,Virginia,8242,862,71,10.5,0.9
154,Washington,7425,810,75,10.9,1
155,West Virginia,1793,306,25,17.1,1.3
156,Wisconsin,5809,537,41,9.2,0.7
157,Wyoming,560,73,8,13,1.4
158,2017,,,,,
159,STATE,Total,Below poverty,Standard error,Percent,Standard error
160,Alabama,4806,723,49,15,1
161,Alaska,717,103,14,14.4,1.9
162,Arizona,6990,926,107,13.2,1.5
163,Arkansas,2924,432,28,14.8,0.9
164,California,39237,4872,187,12.4,0.5
165,Colorado,5527,427,53,7.7,1
166,Connecticut,3555,388,42,10.9,1.2
167,Delaware,967,89,10,9.2,1
168,District of Columbia,692,94,7,13.6,1.1
169,Florida,20894,2864,175,13.7,0.8
170,Georgia,10227,1356,103,13.3,1
171,Hawaii,1402,144,18,10.3,1.3
172,Idaho,1732,202,20,11.7,1.2
173,Illinois,12604,1379,105,10.9,0.8
174,Indiana,6533,748,63,11.4,1
175,Iowa,3054,278,37,9.1,1.2
176,Kansas,2870,421,37,14.7,1.3
177,Kentucky,4401,633,69,14.4,1.6
178,Louisiana,4538,970,53,21.4,1.2
179,Maine,1317,158,20,12,1.5
180,Maryland,5967,467,62,7.8,1
181,Massachusetts,6796,724,63,10.6,0.9
182,Michigan,9889,1259,95,12.7,1
183,Minnesota,5619,519,66,9.2,1.2
184,Mississippi,2947,538,41,18.3,1.4
185,Missouri,5979,666,86,11.1,1.4
186,Montana,1039,101,10,9.7,0.9
187,Nebraska,1875,194,23,10.4,1.2
188,Nevada,2982,409,37,13.7,1.2
189,New Hampshire,1334,88,13,6.6,0.9
190,New Jersey,9007,774,82,8.6,0.9
191,New Mexico,2040,380,30,18.6,1.5
192,New York,19733,2641,150,13.4,0.8
193,North Carolina,10292,1494,99,14.5,1
194,North Dakota,742,84,10,11.3,1.3
195,Ohio,11502,1458,102,12.7,0.9
196,Oklahoma,3817,482,46,12.6,1.2
197,Oregon,4199,430,60,10.2,1.4
198,Pennsylvania,12571,1411,92,11.2,0.7
199,Rhode Island,1045,127,15,12.2,1.5
200,South Carolina,4959,773,56,15.6,1.1
201,South Dakota,871,91,12,10.4,1.4
202,Tennessee,6699,769,55,11.5,0.8
203,Texas,28078,3768,181,13.4,0.6
204,Utah,3127,269,34,8.6,1.1
205,Vermont,613,63,8,10.2,1.3
206,Virginia,8249,847,77,10.3,0.9
207,Washington,7431,736,63,9.9,0.9
208,West Virginia,1794,311,28,17.3,1.5
209,Wisconsin,5808,551,43,9.5,0.7
210,Wyoming,560,70,8,12.4,1.4
211,2016,,,,,
212,STATE,Total,Below poverty,Standard error,Percent,Standard error
213,Alabama,4821,782,63,16.2,1.3
214,Alaska,708,89,12,12.6,1.7
215,Arizona,6878,1108,79,16.1,1.1
216,Arkansas,2941,471,28,16,0.9
217,California,39143,5435,175,13.9,0.4
218,Colorado,5502,467,51,8.5,0.9
219,Connecticut,3567,351,45,9.8,1.3
220,Delaware,947,110,12,11.6,1.3
221,District of Columbia,685,112,7,16.3,1
222,Florida,20524,2659,125,13,0.6
223,Georgia,10270,1580,116,15.4,1.1
224,Hawaii,1392,129,17,9.3,1.2
225,Idaho,1679,187,17,11.1,1
226,Illinois,12583,1517,102,12.1,0.8
227,Indiana,6493,768,67,11.8,1
228,Iowa,3099,302,29,9.8,0.9
229,Kansas,2859,321,33,11.2,1.2
230,Kentucky,4383,667,57,15.2,1.3
231,Louisiana,4573,923,46,20.2,1
232,Maine,1317,167,19,12.7,1.4
233,Maryland,5930,424,54,7.1,0.9
234,Massachusetts,6775,649,56,9.6,0.8
235,Michigan,9875,1091,82,11.1,0.8
236,Minnesota,5430,470,49,8.7,0.9
237,Mississippi,2943,622,46,21.1,1.5
238,Missouri,5878,762,73,13,1.2
239,Montana,1031,121,10,11.7,1
240,Nebraska,1870,179,26,9.6,1.4
241,Nevada,2941,298,38,10.1,1.3
242,New Hampshire,1316,84,11,6.4,0.8
243,New Jersey,8836,828,82,9.4,0.9
244,New Mexico,2043,364,33,17.8,1.6
245,New York,19459,2314,146,11.9,0.7
246,North Carolina,10056,1363,105,13.6,1
247,North Dakota,749,83,9,11.1,1.2
248,Ohio,11442,1573,109,13.7,0.9
249,Oklahoma,3911,571,73,14.6,1.9
250,Oregon,4124,486,49,11.8,1.2
251,Pennsylvania,12526,1396,100,11.1,0.8
252,Rhode Island,1052,119,15,11.4,1.4
253,South Carolina,4898,690,60,14.1,1.2
254,South Dakota,855,124,13,14.5,1.5
255,Tennessee,6652,988,87,14.9,1.3
256,Texas,27662,3812,166,13.8,0.6
257,Utah,3077,264,30,8.6,1
258,Vermont,622,60,6,9.6,1
259,Virginia,8163,929,83,11.4,1
260,Washington,7289,800,60,11,0.8
261,West Virginia,1808,326,31,18,1.7
262,Wisconsin,5764,620,51,10.7,0.9
263,Wyoming,571,62,7,10.9,1.2
264,2015,,,,,
265,STATE,Total,Below poverty,Standard error,Percent,Standard error
266,Alabama,4820,784,60,16.3,1.2
267,Alaska,703,65,6,9.2,0.9
268,Arizona,6728,1156,84,17.2,1.3
269,Arkansas,2951,475,27,16.1,0.9
270,California,39081,5441,211,13.9,0.5
271,Colorado,5420,538,69,9.9,1.3
272,Connecticut,3572,324,43,9.1,1.2
273,Delaware,958,106,12,11.1,1.2
274,District of Columbia,676,113,8,16.6,1.2
275,Florida,20071,3253,176,16.2,0.9
276,Georgia,10100,1833,111,18.1,1.1
277,Hawaii,1382,151,16,10.9,1.1
278,Idaho,1657,204,21,12.3,1.3
279,Illinois,12683,1380,104,10.9,0.8
280,Indiana,6502,880,72,13.5,1.1
281,Iowa,3100,321,39,10.4,1.3
282,Kansas,2849,404,42,14.2,1.5
283,Kentucky,4365,851,57,19.5,1.3
284,Louisiana,4599,854,57,18.6,1.2
285,Maine,1340,165,20,12.3,1.5
286,Maryland,5892,566,70,9.6,1.2
287,Massachusetts,6777,782,65,11.5,1
288,Michigan,9852,1259,98,12.8,1
289,Minnesota,5458,428,58,7.8,1.1
290,Mississippi,2947,563,33,19.1,1.1
291,Missouri,5946,582,71,9.8,1.2
292,Montana,1018,121,12,11.9,1.2
293,Nebraska,1858,192,18,10.3,1
294,Nevada,2864,371,36,13,1.3
295,New Hampshire,1293,94,13,7.3,1
296,New Jersey,8936,1004,95,11.2,1.1
297,New Mexico,2036,400,28,19.7,1.4
298,New York,19645,2791,156,14.2,0.8
299,North Carolina,9887,1509,95,15.3,1
300,North Dakota,763,82,12,10.7,1.5
301,Ohio,11435,1550,105,13.6,0.9
302,Oklahoma,3887,551,45,14.2,1.1
303,Oregon,4029,478,69,11.9,1.7
304,Pennsylvania,12564,1542,107,12.3,0.9
305,Rhode Island,1044,123,16,11.8,1.5
306,South Carolina,4790,683,56,14.3,1.2
307,South Dakota,848,118,10,13.9,1.2
308,Tennessee,6605,973,70,14.7,1.1
309,Texas,27396,4036,207,14.7,0.8
310,Utah,3004,279,30,9.3,1
311,Vermont,609,65,8,10.7,1.3
312,Virginia,8216,894,81,10.9,1
313,Washington,7193,819,54,11.4,0.8
314,West Virginia,1795,261,46,14.5,2.6
315,Wisconsin,5736,654,68,11.4,1.2
316,Wyoming,574,56,8,9.8,1.4
317,2014,,,,,
318,STATE,Total,Below poverty,Standard error,Percent,Standard error
319,Alabama,4765,848,53,17.8,1.1
320,Alaska,694,82,8,11.9,1.2
321,Arizona,6657,1409,76,21.2,1.1
322,Arkansas,2891,532,44,18.4,1.5
323,California,38666,6112,218,15.8,0.6
324,Colorado,5376,661,72,12.3,1.3
325,Connecticut,3577,308,44,8.6,1.2
326,Delaware,929,103,10,11,1
327,District of Columbia,657,125,9,19,1.3
328,Florida,19694,3282,150,16.7,0.8
329,Georgia,9948,1676,92,16.8,0.9
330,Hawaii,1365,147,16,10.8,1.1
331,Idaho,1606,199,22,12.4,1.4
332,Illinois,12774,1756,111,13.7,0.9
333,Indiana,6470,948,85,14.6,1.3
334,Iowa,3078,317,33,10.3,1.1
335,Kansas,2851,345,31,12.1,1.1
336,Kentucky,4299,861,69,20,1.6
337,Louisiana,4550,1049,53,23.1,1.2
338,Maine,1300,190,20,14.6,1.5
339,Maryland,5934,584,55,9.8,0.9
340,Massachusetts,6653,902,71,13.6,1.1
341,Michigan,9893,1462,90,14.8,0.9
342,Minnesota,5417,447,53,8.3,1
343,Mississippi,2961,654,37,22.1,1.2
344,Missouri,5950,620,54,10.4,0.9
345,Montana,1008,121,13,12,1.3
346,Nebraska,1873,221,23,11.8,1.2
347,Nevada,2819,478,45,17,1.6
348,New Hampshire,1318,95,11,7.2,0.8
349,New Jersey,8938,1013,90,11.3,1
350,New Mexico,2030,406,33,20,1.6
351,New York,19658,2755,144,14,0.7
352,North Carolina,9823,1678,117,17.1,1.2
353,North Dakota,731,71,5,9.7,0.7
354,Ohio,11505,1792,109,15.6,0.9
355,Oklahoma,3728,647,51,17.3,1.4
356,Oregon,3955,570,47,14.4,1.2
357,Pennsylvania,12620,1581,104,12.5,0.8
358,Rhode Island,1046,119,14,11.3,1.3
359,South Carolina,4764,788,51,16.5,1.1
360,South Dakota,846,109,14,12.8,1.7
361,Tennessee,6496,1122,75,17.3,1.2
362,Texas,26676,4364,173,16.4,0.6
363,Utah,2928,298,36,10.2,1.2
364,Vermont,615,57,6,9.3,0.9
365,Virginia,8257,842,73,10.2,0.9
366,Washington,7079,852,82,12,1.2
367,West Virginia,1822,376,30,20.6,1.7
368,Wisconsin,5742,628,55,10.9,1
369,Wyoming,572,55,6,9.7,1.1
370,2013 (19),,,,,
371,STATE,Total,Below poverty,Standard error,Percent,Standard error
372,Alabama,4807,891,94,18.5,2
373,Alaska,696,67,15,9.7,2.1
374,Arizona,6532,1163,161,17.8,2.5
375,Arkansas,2852,395,46,13.9,1.6
376,California,38207,5754,352,15.1,0.9
377,Colorado,5303,569,72,10.7,1.4
378,Connecticut,3637,396,59,10.9,1.6
379,Delaware,912,102,17,11.2,1.8
380,District of Columbia,647,150,17,23.2,2.6
381,Florida,19462,2882,249,14.8,1.3
382,Georgia,9848,1825,172,18.5,1.8
383,Hawaii,1338,142,24,10.6,1.8
384,Idaho,1610,200,36,12.4,2.2
385,Illinois,12654,1720,154,13.6,1.2
386,Indiana,6557,1083,138,16.5,2.1
387,Iowa,3076,405,42,13.2,1.4
388,Kansas,2760,315,70,11.4,2.5
389,Kentucky,4501,991,106,22,2.4
390,Louisiana,4534,963,113,21.2,2.5
391,Maine,1330,151,22,11.4,1.6
392,Maryland,5946,623,88,10.5,1.5
393,Massachusetts,6735,818,150,12.1,2.2
394,Michigan,10074,1277,158,12.7,1.6
395,Minnesota,5349,589,84,11,1.6
396,Mississippi,2895,554,101,19.1,3.5
397,Missouri,5955,1041,136,17.5,2.3
398,Montana,980,103,27,10.5,2.7
399,Nebraska,1868,196,30,10.5,1.6
400,Nevada,2774,401,60,14.5,2.2
401,New Hampshire,1301,71,13,5.5,1
402,New Jersey,8728,861,120,9.9,1.4
403,New Mexico,2079,535,72,25.8,3.5
404,New York,19335,3337,294,17.3,1.5
405,North Carolina,9672,1419,192,14.7,2
406,North Dakota,716,94,15,13.2,2.1
407,Ohio,11280,1684,174,14.9,1.5
408,Oklahoma,3697,785,126,21.2,3.4
409,Oregon,3969,556,80,14,2
410,Pennsylvania,12804,1432,152,11.2,1.2
411,Rhode Island,1032,96,18,9.3,1.7
412,South Carolina,4676,904,107,19.3,2.3
413,South Dakota,827,110,20,13.3,2.5
414,Tennessee,6272,972,138,15.5,2.2
415,Texas,26201,4422,314,16.9,1.2
416,Utah,2923,357,50,12.2,1.7
417,Vermont,629,43,10,6.8,1.6
418,Virginia,8230,805,116,9.8,1.4
419,Washington,6877,836,99,12.2,1.4
420,West Virginia,1805,358,51,19.8,2.8
421,Wisconsin,5615,756,104,13.5,1.9
422,Wyoming,592,68,11,11.4,1.9
423,2013 (18),,,,,
424,STATE,Total,Below poverty,Standard error,Percent,Standard error
425,Alabama,4751,796,67,16.7,1.4
426,Alaska,696,76,12,10.9,1.7
427,Arizona,6645,1345,93,20.2,1.4
428,Arkansas,2940,504,69,17.1,2.4
429,California,38054,5675,214,14.9,0.6
430,Colorado,5289,560,54,10.6,1
431,Connecticut,3545,400,36,11.3,1
432,Delaware,907,127,14,14,1.5
433,District of Columbia,650,139,11,21.3,1.6
434,Florida,19371,2888,177,14.9,0.9
435,Georgia,9787,1592,121,16.3,1.2
436,Hawaii,1368,152,16,11.1,1.2
437,Idaho,1592,205,30,12.9,1.9
438,Illinois,12779,1695,117,13.3,0.9
439,Indiana,6398,743,76,11.6,1.2
440,Iowa,3066,330,31,10.8,1
441,Kansas,2830,373,32,13.2,1.1
442,Kentucky,4360,871,63,20,1.4
443,Louisiana,4504,863,95,19.2,2.1
444,Maine,1310,161,17,12.3,1.3
445,Maryland,5933,611,51,10.3,0.9
446,Massachusetts,6570,784,93,11.9,1.4
447,Michigan,9840,1428,118,14.5,1.2
448,Minnesota,5398,649,60,12,1.1
449,Mississippi,2918,657,57,22.5,2
450,Missouri,5997,824,90,13.7,1.5
451,Montana,998,145,20,14.5,2
452,Nebraska,1838,202,23,11,1.3
453,Nevada,2760,480,52,17.4,1.9
454,New Hampshire,1317,119,12,9,0.9
455,New Jersey,8842,984,120,11.1,1.4
456,New Mexico,2099,454,46,21.7,2.2
457,New York,19488,2825,164,14.5,0.8
458,North Carolina,9619,1793,161,18.6,1.7
459,North Dakota,711,71,10,9.9,1.4
460,Ohio,11468,1571,138,13.7,1.2
461,Oklahoma,3708,518,79,14,2.1
462,Oregon,3934,593,56,15.1,1.4
463,Pennsylvania,12738,1576,133,12.4,1
464,Rhode Island,1048,142,13,13.5,1.2
465,South Carolina,4679,745,95,15.9,2
466,South Dakota,833,85,12,10.3,1.5
467,Tennessee,6453,1170,114,18.1,1.8
468,Texas,26383,4425,232,16.8,0.9
469,Utah,2877,239,32,8.3,1.1
470,Vermont,619,54,6,8.7,1
471,Virginia,8174,854,100,10.4,1.2
472,Washington,6854,819,81,12,1.2
473,West Virginia,1823,315,35,17.3,1.9
474,Wisconsin,5625,618,70,11,1.2
475,Wyoming,578,68,6,11.8,1.1
476,2012,,,,,
477,STATE,Total,Below poverty,Standard error,Percent,Standard error
478,Alabama,4808,777,91,16.2,1.9
479,Alaska,702,70,8,10,1.1
480,Arizona,6642,1260,111,19,1.7
481,Arkansas,2909,584,51,20.1,1.8
482,California,37912,6015,192,15.9,0.5
483,Colorado,5153,613,61,11.9,1.2
484,Connecticut,3517,363,30,10.3,0.9
485,Delaware,900,121,11,13.5,1.2
486,District of Columbia,632,116,9,18.4,1.3
487,Florida,19166,2926,128,15.3,0.7
488,Georgia,9665,1752,134,18.1,1.4
489,Hawaii,1356,188,21,13.8,1.6
490,Idaho,1588,229,22,14.4,1.4
491,Illinois,12727,1608,98,12.6,0.8
492,Indiana,6343,964,70,15.2,1.1
493,Iowa,3010,310,22,10.3,0.8
494,Kansas,2828,397,34,14,1.3
495,Kentucky,4342,776,66,17.9,1.5
496,Louisiana,4465,944,99,21.1,2.3
497,Maine,1330,170,14,12.8,1.1
498,Maryland,5892,585,47,9.9,0.8
499,Massachusetts,6566,743,59,11.3,0.9
500,Michigan,9731,1331,95,13.7,1
501,Minnesota,5353,534,47,10,0.9
502,Mississippi,2893,636,55,22,1.9
503,Missouri,5956,905,86,15.2,1.5
504,Montana,999,134,15,13.4,1.5
505,Nebraska,1849,226,25,12.2,1.3
506,Nevada,2735,433,32,15.8,1.2
507,New Hampshire,1308,106,11,8.1,0.8
508,New Jersey,8720,814,73,9.3,0.8
509,New Mexico,2064,420,44,20.4,2.1
510,New York,19298,3328,131,17.2,0.7
511,North Carolina,9634,1652,126,17.2,1.3
512,North Dakota,692,79,7,11.4,1.1
513,Ohio,11398,1751,119,15.4,1.1
514,Oklahoma,3700,668,46,18,1.3
515,Oregon,3872,523,40,13.5,1
516,Pennsylvania,12664,1756,111,13.9,0.9
517,Rhode Island,1034,141,12,13.6,1.1
518,South Carolina,4667,779,63,16.7,1.4
519,South Dakota,822,106,11,12.8,1.3
520,Tennessee,6422,1194,118,18.6,1.9
521,Texas,26063,4444,192,17,0.7
522,Utah,2849,312,45,11,1.6
523,Vermont,615,69,7,11.2,1.1
524,Virginia,7994,850,89,10.6,1.1
525,Washington,6856,796,58,11.6,0.9
526,West Virginia,1803,301,40,16.7,2.2
527,Wisconsin,5628,640,49,11.4,0.9
528,Wyoming,577,56,7,9.6,1.2
529,2011,,,,,
530,STATE,Total,Below poverty,Standard error,Percent,Standard error
531,Alabama,4765,732,74,15.4,1.5
532,Alaska,712,83,9,11.7,1.3
533,Arizona,6547,1128,107,17.2,1.7
534,Arkansas,2909,545,46,18.7,1.6
535,California,37592,6352,202,16.9,0.6
536,Colorado,5016,661,54,13.2,1.1
537,Connecticut,3514,356,33,10.1,0.9
538,Delaware,902,123,9,13.7,1
539,District of Columbia,619,123,9,19.9,1.4
540,Florida,18986,2822,136,14.9,0.7
541,Georgia,9681,1783,122,18.4,1.3
542,Hawaii,1337,162,18,12.1,1.4
543,Idaho,1574,248,26,15.7,1.7
544,Illinois,12697,1807,109,14.2,0.9
545,Indiana,6344,989,83,15.6,1.3
546,Iowa,3027,315,24,10.4,0.8
547,Kansas,2807,402,32,14.3,1.2
548,Kentucky,4302,689,60,16,1.4
549,Louisiana,4494,947,75,21.1,1.6
550,Maine,1328,178,14,13.4,1.1
551,Maryland,5806,537,43,9.3,0.8
552,Massachusetts,6514,688,55,10.6,0.9
553,Michigan,9689,1449,100,15,1
554,Minnesota,5276,528,46,10,0.9
555,Mississippi,2932,510,40,17.4,1.4
556,Missouri,5892,910,98,15.4,1.7
557,Montana,986,163,16,16.5,1.6
558,Nebraska,1823,187,22,10.2,1.3
559,Nevada,2682,414,34,15.5,1.3
560,New Hampshire,1300,99,12,7.6,0.9
561,New Jersey,8642,988,76,11.4,0.9
562,New Mexico,2037,451,36,22.2,1.8
563,New York,19329,3085,144,16,0.7
564,North Carolina,9504,1459,130,15.4,1.4
565,North Dakota,675,67,10,9.9,1.4
566,Ohio,11309,1708,129,15.1,1.2
567,Oklahoma,3763,522,47,13.9,1.2
568,Oregon,3850,553,51,14.4,1.3
569,Pennsylvania,12697,1604,106,12.6,0.8
570,Rhode Island,1038,139,10,13.4,1
571,South Carolina,4605,874,64,19,1.4
572,South Dakota,808,117,20,14.5,2.5
573,Tennessee,6324,1030,104,16.3,1.7
574,Texas,25554,4458,196,17.4,0.8
575,Utah,2812,309,29,11,1
576,Vermont,615,71,6,11.6,1
577,Virginia,7971,907,70,11.4,0.9
578,Washington,6812,854,74,12.5,1.1
579,West Virginia,1820,318,34,17.5,1.8
580,Wisconsin,5676,743,60,13.1,1.1
581,Wyoming,562,60,8,10.7,1.4
582,2010 (17),,,,,
583,STATE,Total,Below poverty,Standard error,Percent,Standard error
584,Alabama,4717,812,83,17.2,1.8
585,Alaska,695,87,10,12.5,1.5
586,Arizona,6426,1208,108,18.8,1.7
587,Arkansas,2879,440,45,15.3,1.6
588,California,37240,6073,212,16.3,0.6
589,Colorado,4995,615,54,12.3,1.1
590,Connecticut,3541,303,27,8.6,0.8
591,Delaware,890,109,10,12.2,1.1
592,District of Columbia,604,118,8,19.5,1.3
593,Florida,18759,3006,127,16,0.7
594,Georgia,9650,1814,104,18.8,1.1
595,Hawaii,1311,162,15,12.4,1.2
596,Idaho,1543,213,23,13.8,1.5
597,Illinois,12784,1798,101,14.1,0.8
598,Indiana,6390,1041,95,16.3,1.5
599,Iowa,2977,307,30,10.3,1
600,Kansas,2766,400,39,14.5,1.4
601,Kentucky,4270,754,65,17.7,1.6
602,Louisiana,4418,949,69,21.5,1.6
603,Maine,1298,164,15,12.6,1.2
604,Maryland,5786,628,50,10.9,0.9
605,Massachusetts,6532,711,68,10.9,1.1
606,Michigan,9751,1530,110,15.7,1.1
607,Minnesota,5217,563,43,10.8,0.8
608,Mississippi,2920,658,44,22.5,1.5
609,Missouri,5929,890,79,15,1.4
610,Montana,979,142,17,14.5,1.8
611,Nebraska,1804,184,20,10.2,1.2
612,Nevada,2696,446,35,16.6,1.3
613,New Hampshire,1294,84,8,6.5,0.7
614,New Jersey,8733,966,89,11.1,1
615,New Mexico,2033,372,30,18.3,1.5
616,New York,19116,3062,147,16,0.8
617,North Carolina,9359,1633,90,17.4,1
618,North Dakota,653,82,6,12.6,0.9
619,Ohio,11341,1746,118,15.4,1.1
620,Oklahoma,3697,603,62,16.3,1.7
621,Oregon,3752,537,44,14.3,1.2
622,Pennsylvania,12530,1535,84,12.2,0.7
623,Rhode Island,1042,146,11,14,1
624,South Carolina,4563,773,53,16.9,1.2
625,South Dakota,799,109,9,13.6,1.1
626,Tennessee,6315,1052,85,16.7,1.3
627,Texas,25200,4633,196,18.4,0.8
628,Utah,2768,278,30,10,1.1
629,Vermont,624,67,7,10.8,1.1
630,Virginia,7837,835,73,10.7,0.9
631,Washington,6713,779,73,11.6,1.1
632,West Virginia,1816,306,23,16.8,1.3
633,Wisconsin,5626,567,52,10.1,0.9
634,Wyoming,550,53,5,9.6,0.9
635,2009,,,,,
636,STATE,Total,Below poverty,Standard error,Percent,Standard error
637,Alabama,4655,770,60,16.6,1.3
638,Alaska,688,81,8,11.7,1.2
639,Arizona,6508,1381,84,21.2,1.3
640,Arkansas,2846,538,40,18.9,1.4
641,California,36742,5638,177,15.3,0.5
642,Colorado,4969,613,58,12.3,1.2
643,Connecticut,3472,292,35,8.4,1
644,Delaware,883,109,11,12.3,1.2
645,District of Columbia,595,107,9,17.9,1.5
646,Florida,18385,2676,116,14.6,0.6
647,Georgia,9657,1775,91,18.4,0.9
648,Hawaii,1250,156,14,12.5,1.2
649,Idaho,1524,209,19,13.7,1.2
650,Illinois,12759,1690,94,13.2,0.7
651,Indiana,6342,1023,70,16.1,1.1
652,Iowa,2987,319,34,10.7,1.1
653,Kansas,2737,374,35,13.7,1.3
654,Kentucky,4276,727,58,17,1.4
655,Louisiana,4450,636,55,14.3,1.2
656,Maine,1297,148,16,11.4,1.3
657,Maryland,5662,543,54,9.6,1
658,Massachusetts,6623,717,60,10.8,0.9
659,Michigan,9797,1376,83,14,0.8
660,Minnesota,5200,576,54,11.1,1
661,Mississippi,2847,658,44,23.1,1.5
662,Missouri,5963,926,68,15.5,1.1
663,Montana,971,131,12,13.5,1.2
664,Nebraska,1778,176,20,9.9,1.1
665,Nevada,2629,343,32,13,1.2
666,New Hampshire,1313,103,13,7.8,1
667,New Jersey,8660,806,66,9.3,0.8
668,New Mexico,1971,381,31,19.3,1.6
669,New York,19158,3018,125,15.8,0.7
670,North Carolina,9336,1576,88,16.9,0.9
671,North Dakota,632,69,7,10.9,1.1
672,Ohio,11441,1526,87,13.3,0.8
673,Oklahoma,3632,468,44,12.9,1.2
674,Oregon,3821,510,49,13.4,1.3
675,Pennsylvania,12401,1376,84,11.1,0.7
676,Rhode Island,1030,134,14,13,1.3
677,South Carolina,4501,618,55,13.7,1.2
678,South Dakota,799,113,9,14.1,1.2
679,Tennessee,6240,1031,70,16.5,1.1
680,Texas,24632,4262,154,17.3,0.6
681,Utah,2794,270,26,9.7,0.9
682,Vermont,617,58,7,9.4,1.1
683,Virginia,7767,831,65,10.7,0.8
684,Washington,6697,781,65,11.7,1
685,West Virginia,1801,285,22,15.8,1.2
686,Wisconsin,5545,599,56,10.8,1
687,Wyoming,540,50,6,9.2,1.1
688,2008,,,,,
689,STATE,Total,Below poverty,Standard error,Percent,Standard error
690,Alabama,4716,675,57,14.3,1.2
691,Alaska,672,55,7,8.2,1
692,Arizona,6529,1172,79,18,1.2
693,Arkansas,2822,431,36,15.3,1.3
694,California,36637,5344,174,14.6,0.5
695,Colorado,4908,541,55,11,1.1
696,Connecticut,3433,276,34,8.1,1
697,Delaware,861,82,9,9.6,1.1
698,District of Columbia,590,98,9,16.5,1.5
699,Florida,18022,2370,110,13.1,0.6
700,Georgia,9541,1477,84,15.5,0.9
701,Hawaii,1255,125,13,9.9,1.1
702,Idaho,1515,185,18,12.2,1.2
703,Illinois,12687,1564,90,12.3,0.7
704,Indiana,6288,901,66,14.3,1.1
705,Iowa,2986,285,32,9.5,1.1
706,Kansas,2716,346,34,12.7,1.3
707,Kentucky,4246,724,58,17.1,1.4
708,Louisiana,4326,788,60,18.2,1.4
709,Maine,1317,158,17,12,1.3
710,Maryland,5528,481,51,8.7,0.9
711,Massachusetts,6420,727,60,11.3,0.9
712,Michigan,9806,1273,80,13,0.8
713,Minnesota,5120,506,51,9.9,1
714,Mississippi,2900,525,40,18.1,1.4
715,Missouri,5861,780,63,13.3,1.1
716,Montana,973,125,12,12.9,1.2
717,Nebraska,1774,188,20,10.6,1.1
718,Nevada,2581,278,30,10.8,1.2
719,New Hampshire,1300,91,12,7,1
720,New Jersey,8515,787,65,9.2,0.8
721,New Mexico,1977,381,31,19.3,1.6
722,New York,19309,2734,120,14.2,0.6
723,North Carolina,9234,1285,80,13.9,0.9
724,North Dakota,625,74,7,11.8,1.2
725,Ohio,11386,1557,88,13.7,0.8
726,Oklahoma,3550,484,45,13.6,1.3
727,Oregon,3806,403,44,10.6,1.2
728,Pennsylvania,12178,1335,83,11,0.7
729,Rhode Island,1042,132,14,12.7,1.3
730,South Carolina,4462,624,55,14,1.2
731,South Dakota,794,104,9,13.1,1.1
732,Tennessee,6163,924,67,15,1.1
733,Texas,24174,3834,148,15.9,0.6
734,Utah,2754,209,23,7.6,0.9
735,Vermont,610,55,7,9,1.1
736,Virginia,7735,799,64,10.3,0.8
737,Washington,6526,680,61,10.4,0.9
738,West Virginia,1796,260,21,14.5,1.2
739,Wisconsin,5548,544,53,9.8,1
740,Wyoming,529,54,6,10.1,1.2
741,2007,,,,,
742,STATE,Total,Below poverty,Standard error,Percent,Standard error
743,Alabama,4566,662,56,14.5,1.2
744,Alaska,675,51,7,7.6,1
745,Arizona,6365,912,71,14.3,1.1
746,Arkansas,2803,387,35,13.8,1.2
747,California,36247,4589,163,12.7,0.5
748,Colorado,4872,478,52,9.8,1.1
749,Connecticut,3471,309,36,8.9,1
750,Delaware,861,80,9,9.3,1.1
751,District of Columbia,580,104,9,18,1.6
752,Florida,18044,2250,108,12.5,0.6
753,Georgia,9486,1294,80,13.6,0.8
754,Hawaii,1264,94,12,7.5,0.9
755,Idaho,1501,149,16,9.9,1.1
756,Illinois,12680,1262,82,10,0.7
757,Indiana,6258,740,61,11.8,1
758,Iowa,2965,264,31,8.9,1.1
759,Kansas,2720,319,33,11.7,1.2
760,Kentucky,4202,653,55,15.5,1.3
761,Louisiana,4186,673,56,16.1,1.3
762,Maine,1312,142,16,10.9,1.2
763,Maryland,5560,491,52,8.8,0.9
764,Massachusetts,6336,707,59,11.2,0.9
765,Michigan,9919,1076,74,10.8,0.8
766,Minnesota,5188,482,50,9.3,1
767,Mississippi,2895,655,44,22.6,1.5
768,Missouri,5783,742,62,12.8,1.1
769,Montana,938,122,12,13,1.2
770,Nebraska,1751,174,20,9.9,1.1
771,Nevada,2566,250,28,9.7,1.1
772,New Hampshire,1312,76,11,5.8,0.9
773,New Jersey,8548,742,63,8.7,0.7
774,New Mexico,1941,271,27,14,1.4
775,New York,19021,2757,121,14.5,0.6
776,North Carolina,9170,1423,84,15.5,0.9
777,North Dakota,614,57,7,9.3,1.1
778,Ohio,11280,1446,85,12.8,0.8
779,Oklahoma,3551,476,44,13.4,1.3
780,Oregon,3761,481,47,12.8,1.3
781,Pennsylvania,12297,1273,81,10.4,0.7
782,Rhode Island,1042,99,12,9.5,1.1
783,South Carolina,4380,617,54,14.1,1.2
784,South Dakota,787,74,8,9.4,1
785,Tennessee,6137,906,66,14.8,1.1
786,Texas,23653,3903,148,16.5,0.6
787,Utah,2651,255,26,9.6,1
788,Vermont,613,61,7,9.9,1.2
789,Virginia,7678,664,59,8.6,0.8
790,Washington,6503,661,60,10.2,0.9
791,West Virginia,1793,265,22,14.8,1.2
792,Wisconsin,5458,601,56,11,1
793,Wyoming,518,56,6,10.9,1.2
794,2006,,,,,
795,STATE,Total,Below poverty,Standard error,Percent,Standard error
796,Alabama,4532,650,56,14.3,1.2
797,Alaska,658,58,7,8.9,1.1
798,Arizona,6256,902,71,14.4,1.1
799,Arkansas,2748,487,38,17.7,1.4
800,California,36160,4427,160,12.2,0.4
801,Colorado,4797,466,52,9.7,1.1
802,Connecticut,3457,275,34,8,1
803,Delaware,858,80,9,9.3,1.1
804,District of Columbia,569,104,9,18.3,1.6
805,Florida,18029,2068,104,11.5,0.6
806,Georgia,9334,1172,76,12.6,0.8
807,Hawaii,1254,116,13,9.2,1
808,Idaho,1472,141,16,9.5,1.1
809,Illinois,12633,1338,85,10.6,0.7
810,Indiana,6334,674,59,10.6,0.9
811,Iowa,2913,301,33,10.3,1.1
812,Kansas,2719,349,34,12.8,1.3
813,Kentucky,4106,690,56,16.8,1.4
814,Louisiana,4206,713,57,17,1.4
815,Maine,1313,134,16,10.2,1.2
816,Maryland,5607,469,51,8.4,0.9
817,Massachusetts,6324,758,61,12,1
818,Michigan,9953,1323,81,13.3,0.8
819,Minnesota,5145,422,47,8.2,0.9
820,Mississippi,2887,596,42,20.6,1.5
821,Missouri,5797,659,58,11.4,1
822,Montana,930,125,12,13.5,1.3
823,Nebraska,1765,180,20,10.2,1.1
824,Nevada,2530,241,28,9.5,1.1
825,New Hampshire,1308,71,11,5.4,0.8
826,New Jersey,8650,762,64,8.8,0.7
827,New Mexico,1939,328,29,16.9,1.5
828,New York,19021,2668,119,14,0.6
829,North Carolina,8847,1225,79,13.8,0.9
830,North Dakota,615,70,7,11.4,1.2
831,Ohio,11297,1371,83,12.1,0.7
832,Oklahoma,3489,531,47,15.2,1.3
833,Oregon,3705,439,45,11.8,1.2
834,Pennsylvania,12326,1397,84,11.3,0.7
835,Rhode Island,1054,110,13,10.5,1.2
836,South Carolina,4224,474,49,11.2,1.2
837,South Dakota,770,82,8,10.7,1.1
838,Tennessee,5916,879,65,14.9,1.1
839,Texas,23208,3816,147,16.4,0.6
840,Utah,2536,235,25,9.3,1
841,Vermont,618,48,6,7.8,1.1
842,Virginia,7532,651,58,8.6,0.8
843,Washington,6310,502,53,8,0.8
844,West Virginia,1810,277,22,15.3,1.2
845,Wisconsin,5471,555,54,10.1,1
846,Wyoming,516,51,6,10,1.2
847,2005,,,,,
848,STATE,Total,Below poverty,Standard error,Percent,Standard error
849,Alabama,4501,750,59,16.7,1.3
850,Alaska,657,66,7,10,1.1
851,Arizona,6025,917,71,15.2,1.2
852,Arkansas,2756,382,34,13.8,1.3
853,California,35840,4716,164,13.2,0.5
854,Colorado,4629,530,55,11.4,1.2
855,Connecticut,3483,326,37,9.3,1.1
856,Delaware,842,78,9,9.2,1.1
857,District of Columbia,539,115,9,21.3,1.7
858,Florida,17845,1975,102,11.1,0.6
859,Georgia,9014,1298,80,14.4,0.9
860,Hawaii,1274,110,12,8.6,1
861,Idaho,1441,143,16,9.9,1.1
862,Illinois,12571,1441,87,11.5,0.7
863,Indiana,6131,774,62,12.6,1
864,Iowa,2902,327,34,11.3,1.2
865,Kansas,2693,337,34,12.5,1.3
866,Kentucky,4049,599,53,14.8,1.3
867,Louisiana,4086,748,58,18.3,1.4
868,Maine,1314,166,17,12.6,1.3
869,Maryland,5560,542,54,9.7,1
870,Massachusetts,6318,641,57,10.1,0.9
871,Michigan,9964,1196,78,12,0.8
872,Minnesota,5113,412,46,8.1,0.9
873,Mississippi,2843,571,41,20.1,1.5
874,Missouri,5697,659,58,11.6,1
875,Montana,926,128,12,13.8,1.3
876,Nebraska,1760,167,19,9.5,1.1
877,Nevada,2447,260,29,10.6,1.2
878,New Hampshire,1298,73,11,5.6,0.9
879,New Jersey,8692,592,57,6.8,0.7
880,New Mexico,1938,347,29,17.9,1.5
881,New York,18995,2760,121,14.5,0.6
882,North Carolina,8538,1115,75,13.1,0.9
883,North Dakota,625,70,7,11.2,1.2
884,Ohio,11310,1392,84,12.3,0.7
885,Oklahoma,3486,543,47,15.6,1.4
886,Oregon,3619,436,45,12,1.3
887,Pennsylvania,12237,1372,84,11.2,0.7
888,Rhode Island,1052,127,13,12.1,1.3
889,South Carolina,4164,626,55,15,1.3
890,South Dakota,765,90,8,11.8,1.1
891,Tennessee,5853,872,65,14.9,1.1
892,Texas,22777,3681,144,16.2,0.6
893,Utah,2521,232,24,9.2,1
894,Vermont,621,47,6,7.6,1
895,Virginia,7442,684,60,9.2,0.8
896,Washington,6237,636,59,10.2,0.9
897,West Virginia,1795,276,22,15.4,1.2
898,Wisconsin,5440,553,54,10.2,1
899,Wyoming,509,54,6,10.6,1.2
900,2004 (14),,,,,
901,STATE,Total,Below poverty,Standard error,Percent,Standard error
902,Alabama,4508,762,59,16.9,1.3
903,Alaska,648,59,7,9.1,1.1
904,Arizona,5763,830,68,14.4,1.2
905,Arkansas,2723,412,35,15.1,1.3
906,California,35772,4724,165,13.2,0.5
907,Colorado,4517,450,51,10,1.1
908,Connecticut,3487,352,38,10.1,1.1
909,Delaware,825,74,9,9,1.1
910,District of Columbia,545,93,9,17,1.6
911,Florida,17419,2028,103,11.6,0.6
912,Georgia,8700,1132,75,13,0.9
913,Hawaii,1244,106,12,8.6,1
914,Idaho,1372,136,15,9.9,1.1
915,Illinois,12563,1546,90,12.3,0.7
916,Indiana,6121,712,60,11.6,1
917,Iowa,2901,316,34,10.9,1.2
918,Kansas,2669,304,32,11.4,1.2
919,Kentucky,4068,723,57,17.8,1.4
920,Louisiana,4419,744,58,16.8,1.3
921,Maine,1290,149,17,11.6,1.3
922,Maryland,5539,550,54,9.9,1
923,Massachusetts,6363,594,55,9.3,0.9
924,Michigan,9939,1318,81,13.3,0.8
925,Minnesota,5120,356,43,7,0.9
926,Mississippi,2862,536,40,18.7,1.4
927,Missouri,5609,686,60,12.2,1.1
928,Montana,908,129,12,14.2,1.3
929,Nebraska,1724,163,19,9.5,1.1
930,Nevada,2385,260,29,10.9,1.2
931,New Hampshire,1291,71,11,5.5,0.9
932,New Jersey,8652,693,61,8,0.7
933,New Mexico,1899,314,28,16.5,1.5
934,New York,19010,2847,122,15,0.6
935,North Carolina,8421,1229,79,14.6,0.9
936,North Dakota,627,61,7,9.7,1.1
937,Ohio,11259,1304,81,11.6,0.7
938,Oklahoma,3444,373,40,10.8,1.2
939,Oregon,3572,421,45,11.8,1.3
940,Pennsylvania,12142,1383,84,11.4,0.7
941,Rhode Island,1055,122,13,11.5,1.2
942,South Carolina,4120,615,54,14.9,1.3
943,South Dakota,751,102,9,13.5,1.2
944,Tennessee,5846,932,67,15.9,1.1
945,Texas,22288,3669,144,16.5,0.7
946,Utah,2390,241,25,10.1,1
947,Vermont,616,48,7,7.8,1.1
948,Virginia,7369,693,60,9.4,0.8
949,Washington,6116,700,61,11.4,1
950,West Virginia,1791,254,21,14.2,1.2
951,Wisconsin,5456,676,59,12.4,1.1
952,Wyoming,496,50,6,10,1.2
953,2003,,,,,
954,STATE,Total,Below poverty,Standard error,Percent,Standard error
955,Alabama,4417,663,56,15,1.2
956,Alaska,643,62,6,9.6,0.9
957,Arizona,5558,749,70,13.5,1.2
958,Arkansas,2670,474,39,17.8,1.3
959,California,35309,4634,198,13.1,0.5
960,Colorado,4478,436,40,9.7,0.8
961,Connecticut,3417,278,28,8.1,0.8
962,Delaware,818,60,7,7.3,0.9
963,District of Columbia,550,92,8,16.8,1.4
964,Florida,16884,2148,114,12.7,0.6
965,Georgia,8559,1014,94,11.9,1
966,Hawaii,1250,117,12,9.3,0.9
967,Idaho,1356,138,15,10.2,1
968,Illinois,12616,1592,95,12.6,0.7
969,Indiana,6130,610,54,9.9,0.8
970,Iowa,2916,260,26,8.9,0.9
971,Kansas,2676,288,27,10.8,1
972,Kentucky,4100,589,50,14.4,1.1
973,Louisiana,4422,750,63,17,1.3
974,Maine,1279,149,13,11.6,0.9
975,Maryland,5485,472,47,8.6,0.8
976,Massachusetts,6357,652,56,10.3,0.8
977,Michigan,9893,1125,77,11.4,0.7
978,Minnesota,5075,376,40,7.4,0.8
979,Mississippi,2851,456,41,16,1.3
980,Missouri,5606,602,55,10.7,0.9
981,Montana,915,139,13,15.1,1.3
982,Nebraska,1725,168,17,9.8,1
983,Nevada,2242,244,22,10.9,0.9
984,New Hampshire,1263,73,9,5.8,0.7
985,New Jersey,8574,741,60,8.6,0.7
986,New Mexico,1867,338,30,18.1,1.5
987,New York,18922,2707,120,14.3,0.6
988,North Carolina,8223,1289,86,15.7,1
989,North Dakota,631,61,6,9.7,0.9
990,Ohio,11227,1226,83,10.9,0.7
991,Oklahoma,3430,440,40,12.8,1.1
992,Oregon,3560,446,40,12.5,1.1
993,Pennsylvania,12135,1279,82,10.5,0.6
994,Rhode Island,1051,121,10,11.5,0.9
995,South Carolina,4060,516,46,12.7,1.1
996,South Dakota,749,95,8,12.7,1
997,Tennessee,5901,829,75,14,1.2
998,Texas,21827,3705,170,17,0.7
999,Utah,2346,213,23,9.1,0.9
1000,Vermont,610,52,5,8.5,0.9
1001,Virginia,7367,740,71,10,0.9
1002,Washington,6078,766,68,12.6,1.1
1003,West Virginia,1785,310,23,17.4,1.2
1004,Wisconsin,5412,528,48,9.8,0.8
1005,Wyoming,487,48,5,9.8,1
1006,2002,,,,,
1007,STATE,Total,Below poverty,Standard error,Percent,Standard error
1008,Alabama,4432,640,55,14.5,1.2
1009,Alaska,632,56,6,8.8,0.9
1010,Arizona,5424,735,69,13.5,1.2
1011,Arkansas,2690,532,42,19.8,1.4
1012,California,35068,4605,197,13.1,0.5
1013,Colorado,4470,436,40,9.8,0.8
1014,Connecticut,3377,279,28,8.3,0.8
1015,Delaware,796,73,8,9.1,1
1016,District of Columbia,570,97,8,17,1.4
1017,Florida,16391,2058,112,12.6,0.6
1018,Georgia,8413,939,90,11.2,1
1019,Hawaii,1219,138,14,11.3,1
1020,Idaho,1296,147,15,11.3,1.1
1021,Illinois,12495,1594,96,12.8,0.7
1022,Indiana,6086,552,51,9.1,0.8
1023,Iowa,2899,267,27,9.2,0.9
1024,Kansas,2681,269,26,10.1,0.9
1025,Kentucky,4033,571,49,14.2,1.1
1026,Louisiana,4445,777,64,17.5,1.3
1027,Maine,1265,170,13,13.4,1
1028,Maryland,5419,400,44,7.4,0.8
1029,Massachusetts,6469,648,56,10,0.8
1030,Michigan,9897,1152,78,11.6,0.7
1031,Minnesota,5044,325,37,6.5,0.7
1032,Mississippi,2785,513,44,18.4,1.4
1033,Missouri,5581,551,53,9.9,0.9
1034,Montana,902,122,12,13.5,1.3
1035,Nebraska,1700,181,18,10.6,1
1036,Nevada,2114,188,19,8.9,0.9
1037,New Hampshire,1264,73,9,5.8,0.7
1038,New Jersey,8585,681,57,7.9,0.6
1039,New Mexico,1837,328,30,17.9,1.5
1040,New York,19224,2690,120,14,0.6
1041,North Carolina,8146,1165,82,14.3,0.9
1042,North Dakota,632,73,7,11.6,1
1043,Ohio,11253,1099,79,9.8,0.7
1044,Oklahoma,3473,489,43,14.1,1.1
1045,Oregon,3503,380,37,10.9,1
1046,Pennsylvania,12168,1152,78,9.5,0.6
1047,Rhode Island,1055,116,10,11,0.9
1048,South Carolina,3989,568,49,14.3,1.1
1049,South Dakota,743,85,8,11.5,1
1050,Tennessee,5655,839,75,14.8,1.2
1051,Texas,21482,3362,162,15.6,0.7
1052,Utah,2308,228,24,9.9,1
1053,Vermont,616,61,6,9.9,0.9
1054,Virginia,7108,702,69,9.9,0.9
1055,Washington,5988,657,63,11,1
1056,West Virginia,1747,293,22,16.8,1.2
1057,Wisconsin,5463,467,45,8.6,0.8
1058,Wyoming,488,44,5,9,0.9
1059,2001,,,,,
1060,STATE,Total,Below poverty,Standard error,Percent,Standard error
1061,Alabama,4378,696,57,15.9,1.2
1062,Alaska,632,54,6,8.5,0.9
1063,Arizona,5314,778,71,14.6,1.2
1064,Arkansas,2650,472,39,17.8,1.4
1065,California,34394,4321,191,12.6,0.5
1066,Colorado,4402,383,37,8.7,0.8
1067,Connecticut,3385,249,27,7.3,0.8
1068,Delaware,790,53,7,6.7,0.9
1069,District of Columbia,554,101,9,18.2,1.4
1070,Florida,16316,2077,112,12.7,0.7
1071,Georgia,8261,1069,96,12.9,1.1
1072,Hawaii,1205,138,13,11.4,1.1
1073,Idaho,1314,151,15,11.5,1.1
1074,Illinois,12314,1249,85,10.1,0.7
1075,Indiana,6030,511,49,8.5,0.8
1076,Iowa,2858,212,24,7.4,0.8
1077,Kansas,2635,267,26,10.1,0.9
1078,Kentucky,3989,503,46,12.6,1.1
1079,Louisiana,4372,709,61,16.2,1.3
1080,Maine,1277,132,12,10.3,0.9
1081,Maryland,5318,385,43,7.2,0.8
1082,Massachusetts,6302,561,52,8.9,0.8
1083,Michigan,9880,927,70,9.4,0.7
1084,Minnesota,4910,361,39,7.4,0.8
1085,Mississippi,2794,539,45,19.3,1.4
1086,Missouri,5513,537,52,9.7,0.9
1087,Montana,891,119,12,13.3,1.3
1088,Nebraska,1680,158,17,9.4,1
1089,Nevada,2129,152,17,7.1,0.8
1090,New Hampshire,1254,81,9,6.5,0.7
1091,New Jersey,8456,683,57,8.1,0.7
1092,New Mexico,1795,323,30,18,1.5
1093,New York,18783,2664,119,14.2,0.6
1094,North Carolina,8084,1013,76,12.5,0.9
1095,North Dakota,620,86,7,13.8,1.1
1096,Ohio,11178,1174,82,10.5,0.7
1097,Oklahoma,3372,508,43,15.1,1.2
1098,Oregon,3446,408,38,11.8,1
1099,Pennsylvania,12087,1158,78,9.6,0.6
1100,Rhode Island,1043,100,9,9.6,0.8
1101,South Carolina,3995,603,50,15.1,1.2
1102,South Dakota,737,62,7,8.4,0.9
1103,Tennessee,5670,802,74,14.1,1.2
1104,Texas,21030,3129,157,14.9,0.7
1105,Utah,2257,238,24,10.5,1
1106,Vermont,605,59,6,9.7,0.9
1107,Virginia,7080,564,62,8,0.8
1108,Washington,5920,634,62,10.7,1
1109,West Virginia,1769,291,22,16.4,1.2
1110,Wisconsin,5323,423,43,7.9,0.8
1111,Wyoming,487,42,5,8.7,0.9
1112,2000 (12),,,,,
1113,STATE,Total,Below poverty,Standard error,Percent,Standard error
1114,Alabama,4376,583,53,13.3,1.1
1115,Alaska,620,47,5,7.6,0.8
1116,Arizona,5181,607,63,11.7,1.1
1117,Arkansas,2650,436,38,16.5,1.3
1118,California,33889,4294,191,12.7,0.5
1119,Colorado,4334,425,39,9.8,0.9
1120,Connecticut,3365,258,27,7.7,0.8
1121,Delaware,777,65,8,8.4,0.9
1122,District of Columbia,552,84,8,15.2,1.3
1123,Florida,15991,1754,103,11,0.6
1124,Georgia,8112,982,92,12.1,1.1
1125,Hawaii,1195,106,12,8.9,0.9
1126,Idaho,1289,162,16,12.5,1.2
1127,Illinois,12269,1307,87,10.7,0.7
1128,Indiana,6007,513,49,8.5,0.8
1129,Iowa,2858,237,25,8.3,0.8
1130,Kansas,2649,213,23,8,0.8
1131,Kentucky,3995,502,46,12.6,1.1
1132,Louisiana,4354,750,63,17.2,1.3
1133,Maine,1267,128,12,10.1,0.9
1134,Maryland,5241,386,43,7.4,0.8
1135,Massachusetts,6284,618,54,9.8,0.8
1136,Michigan,9813,967,71,9.9,0.7
1137,Minnesota,4890,276,34,5.7,0.7
1138,Mississippi,2794,418,39,14.9,1.3
1139,Missouri,5517,505,51,9.2,0.9
1140,Montana,888,126,12,14.1,1.3
1141,Nebraska,1679,145,16,8.6,0.9
1142,Nevada,2045,180,19,8.8,0.9
1143,New Hampshire,1231,56,8,4.5,0.6
1144,New Jersey,8384,612,54,7.3,0.6
1145,New Mexico,1790,312,29,17.5,1.5
1146,New York,18752,2604,118,13.9,0.6
1147,North Carolina,7983,1000,76,12.5,0.9
1148,North Dakota,622,65,6,10.4,1
1149,Ohio,11160,1117,80,10,0.7
1150,Oklahoma,3378,503,43,14.9,1.2
1151,Oregon,3415,371,36,10.9,1
1152,Pennsylvania,12044,1033,74,8.6,0.6
1153,Rhode Island,1035,106,9,10.2,0.9
1154,South Carolina,3964,441,43,11.1,1
1155,South Dakota,737,79,7,10.7,0.9
1156,Tennessee,5630,759,72,13.5,1.2
1157,Texas,20695,3204,158,15.5,0.7
1158,Utah,2239,170,20,7.6,0.9
1159,Vermont,599,60,6,10,0.9
1160,Virginia,6977,577,63,8.3,0.9
1161,Washington,5863,634,62,10.8,1
1162,West Virginia,1773,261,21,14.7,1.1
1163,Wisconsin,5308,493,46,9.3,0.8
1164,Wyoming,485,52,5,10.8,1
1165,1999 (11),,,,,
1166,STATE,Total,Below poverty,Standard error,Percent,Standard error
1167,Alabama,4388,668,84,15.2,1.8
1168,Alaska,630,48,9,7.6,1.3
1169,Arizona,5057,616,79,12.2,1.5
1170,Arkansas,2616,384,48,14.7,1.7
1171,California,33705,4733,250,14,0.7
1172,Colorado,4319,366,59,8.5,1.3
1173,Connecticut,3418,246,51,7.2,1.4
1174,Delaware,768,80,14,10.4,1.7
1175,District of Columbia,545,80,12,14.7,2
1176,Florida,15566,1937,139,12.4,0.8
1177,Georgia,7877,1011,121,12.8,1.4
1178,Hawaii,1225,133,22,10.8,1.7
1179,Idaho,1240,175,22,14.1,1.7
1180,Illinois,12248,1215,112,9.9,0.9
1181,Indiana,5914,396,75,6.7,1.2
1182,Iowa,2856,210,39,7.4,1.3
1183,Kansas,2605,320,46,12.3,1.7
1184,Kentucky,3859,467,67,12.1,1.6
1185,Louisiana,4289,823,90,19.2,1.9
1186,Maine,1260,134,23,10.6,1.7
1187,Maryland,5049,367,72,7.3,1.4
1188,Massachusetts,6262,738,79,11.8,1.2
1189,Michigan,10052,978,97,9.7,0.9
1190,Minnesota,4868,354,64,7.3,1.3
1191,Mississippi,2755,446,54,16.2,1.8
1192,Missouri,5511,647,96,11.7,1.6
1193,Montana,891,141,17,15.8,1.8
1194,Nebraska,1683,184,28,11,1.6
1195,Nevada,2033,229,32,11.3,1.5
1196,New Hampshire,1255,96,19,7.6,1.5
1197,New Jersey,8232,646,74,7.8,0.9
1198,New Mexico,1831,383,40,20.9,1.9
1199,New York,18855,2676,156,14.2,0.8
1200,North Carolina,7766,1069,102,13.8,1.2
1201,North Dakota,621,81,12,13.1,1.8
1202,Ohio,11223,1343,119,12,1
1203,Oklahoma,3300,424,57,12.8,1.6
1204,Oregon,3421,432,62,12.6,1.7
1205,Pennsylvania,11948,1117,105,9.3,0.8
1206,Rhode Island,1033,103,18,10,1.7
1207,South Carolina,3800,445,68,11.7,1.7
1208,South Dakota,709,55,10,7.7,1.3
1209,Tennessee,5583,662,96,11.9,1.6
1210,Texas,20173,3072,195,15.2,0.9
1211,Utah,2194,126,24,5.7,1.1
1212,Vermont,599,58,10,9.6,1.7
1213,Virginia,6831,537,91,7.9,1.3
1214,Washington,5698,545,91,9.6,1.5
1215,West Virginia,1734,272,33,15.7,1.8
1216,Wisconsin,5429,466,77,8.6,1.4
1217,Wyoming,484,56,8,11.6,1.6
1218,1998,,,,,
1219,STATE,Total,Below poverty,Standard error,Percent,Standard error
1220,Alabama,4190,609,80,14.5,1.8
1221,Alaska,641,60,10,9.4,1.4
1222,Arizona,4887,812,90,16.6,1.7
1223,Arkansas,2559,377,48,14.7,1.7
1224,California,33292,5118,259,15.4,0.7
1225,Colorado,3966,363,59,9.2,1.4
1226,Connecticut,3275,310,57,9.5,1.7
1227,Delaware,781,80,14,10.3,1.6
1228,District of Columbia,510,114,14,22.3,2.4
1229,Florida,14629,1923,139,13.1,0.9
1230,Georgia,7634,1034,122,13.5,1.5
1231,Hawaii,1201,131,22,10.9,1.7
1232,Idaho,1273,165,22,13,1.6
1233,Illinois,12255,1234,113,10.1,0.9
1234,Indiana,5830,547,88,9.4,1.4
1235,Iowa,2834,257,44,9.1,1.5
1236,Kansas,2615,250,41,9.6,1.5
1237,Kentucky,3860,521,70,13.5,1.7
1238,Louisiana,4305,821,90,19.1,1.9
1239,Maine,1263,131,22,10.4,1.7
1240,Maryland,5014,359,72,7.2,1.4
1241,Massachusetts,6100,528,67,8.7,1
1242,Michigan,10012,1097,103,11,1
1243,Minnesota,4815,498,76,10.3,1.5
1244,Mississippi,2758,486,57,17.6,1.9
1245,Missouri,5399,531,87,9.8,1.5
1246,Montana,922,153,18,16.6,1.8
1247,Nebraska,1713,211,30,12.3,1.7
1248,Nevada,1845,195,30,10.6,1.5
1249,New Hampshire,1216,119,22,9.8,1.7
1250,New Jersey,8072,693,77,8.6,0.9
1251,New Mexico,1823,371,39,20.4,1.9
1252,New York,18370,3068,167,16.7,0.8
1253,North Carolina,7412,1039,101,14,1.3
1254,North Dakota,644,97,13,15.1,1.8
1255,Ohio,11201,1253,115,11.2,1
1256,Oklahoma,3251,458,59,14.1,1.7
1257,Oregon,3352,503,67,15,1.8
1258,Pennsylvania,11890,1338,115,11.3,0.9
1259,Rhode Island,965,112,19,11.6,1.8
1260,South Carolina,3851,527,74,13.7,1.8
1261,South Dakota,710,77,12,10.8,1.6
1262,Tennessee,5569,749,102,13.4,1.7
1263,Texas,19889,2994,193,15.1,0.9
1264,Utah,2106,190,29,9,1.3
1265,Vermont,592,58,10,9.9,1.7
1266,Virginia,6679,589,95,8.8,1.4
1267,Washington,5729,512,88,8.9,1.5
1268,West Virginia,1748,312,36,17.8,1.8
1269,Wisconsin,5127,449,76,8.8,1.4
1270,Wyoming,484,51,8,10.6,1.6
1271,1997,,,,,
1272,STATE,Total,Below poverty,Standard error,Percent,Standard error
1273,Alabama,4243,665,83,15.7,1.8
1274,Alaska,640,56,9,8.8,1.4
1275,Arizona,4643,797,89,17.2,1.8
1276,Arkansas,2621,515,56,19.7,1.9
1277,California,32877,5459,268,16.6,0.8
1278,Colorado,3921,320,56,8.2,1.4
1279,Connecticut,3296,282,54,8.6,1.6
1280,Delaware,749,72,13,9.6,1.6
1281,District of Columbia,516,113,14,21.8,2.3
1282,Florida,14354,2056,143,14.3,0.9
1283,Georgia,7631,1109,127,14.5,1.5
1284,Hawaii,1182,164,24,13.9,1.9
1285,Idaho,1251,183,23,14.7,1.7
1286,Illinois,12065,1349,118,11.2,0.9
1287,Indiana,5849,515,86,8.8,1.4
1288,Iowa,2820,270,45,9.6,1.5
1289,Kansas,2583,250,41,9.7,1.5
1290,Kentucky,3913,623,77,15.9,1.8
1291,Louisiana,4241,691,82,16.3,1.8
1292,Maine,1222,124,22,10.1,1.7
1293,Maryland,5043,422,78,8.4,1.5
1294,Massachusetts,5991,732,78,12.2,1.2
1295,Michigan,9783,1006,98,10.3,1
1296,Minnesota,4748,457,73,9.6,1.5
1297,Mississippi,2731,455,55,16.7,1.8
1298,Missouri,5315,627,94,11.8,1.7
1299,Montana,892,139,17,15.6,1.8
1300,Nebraska,1658,163,27,9.8,1.5
1301,Nevada,1723,190,29,11,1.6
1302,New Hampshire,1197,109,21,9.1,1.7
1303,New Jersey,7967,737,79,9.3,1
1304,New Mexico,1823,387,40,21.2,2
1305,New York,18103,2979,165,16.5,0.8
1306,North Carolina,7345,839,90,11.4,1.2
1307,North Dakota,638,87,12,13.6,1.8
1308,Ohio,11212,1231,114,11,1
1309,Oklahoma,3321,456,59,13.7,1.6
1310,Oregon,3284,382,58,11.6,1.7
1311,Pennsylvania,11904,1337,115,11.2,0.9
1312,Rhode Island,943,120,19,12.7,1.9
1313,South Carolina,3813,500,72,13.1,1.8
1314,South Dakota,708,117,14,16.5,1.9
1315,Tennessee,5536,791,105,14.3,1.8
1316,Texas,19688,3297,202,16.7,0.9
1317,Utah,2085,185,29,8.9,1.3
1318,Vermont,580,54,10,9.3,1.7
1319,Virginia,6747,858,115,12.7,1.6
1320,Washington,5735,529,90,9.2,1.5
1321,West Virginia,1742,286,34,16.4,1.8
1322,Wisconsin,5120,422,73,8.2,1.4
1323,Wyoming,490,66,9,13.5,1.7
1324,1996,,,,,
1325,STATE,Total,Below poverty,Standard error,Percent,Standard error
1326,Alabama,4258,595,79,14,1.7
1327,Alaska,657,54,9,8.2,1.3
1328,Arizona,4786,980,99,20.5,1.9
1329,Arkansas,2606,449,52,17.2,1.8
1330,California,32305,5472,268,16.9,0.8
1331,Colorado,3869,412,63,10.6,1.5
1332,Connecticut,3341,392,64,11.7,1.8
1333,Delaware,732,63,12,8.6,1.6
1334,District of Columbia,538,130,15,24.1,2.4
1335,Florida,14343,2037,143,14.2,0.9
1336,Georgia,7390,1097,126,14.8,1.6
1337,Hawaii,1172,142,23,12.1,1.8
1338,Idaho,1185,140,20,11.9,1.6
1339,Illinois,11810,1429,121,12.1,1
1340,Indiana,5681,428,78,7.5,1.3
1341,Iowa,2898,279,45,9.6,1.5
1342,Kansas,2569,287,44,11.2,1.6
1343,Kentucky,3877,658,79,17,1.9
1344,Louisiana,4263,873,93,20.5,1.9
1345,Maine,1203,135,23,11.2,1.8
1346,Maryland,5085,522,86,10.3,1.6
1347,Massachusetts,6150,622,72,10.1,1.1
1348,Michigan,9572,1068,101,11.2,1
1349,Minnesota,4690,458,73,9.8,1.5
1350,Mississippi,2797,575,62,20.6,2
1351,Missouri,5268,500,84,9.5,1.5
1352,Montana,908,155,18,17,1.8
1353,Nebraska,1666,169,27,10.2,1.6
1354,Nevada,1634,133,25,8.1,1.5
1355,New Hampshire,1142,73,17,6.4,1.4
1356,New Jersey,7858,726,78,9.2,1
1357,New Mexico,1847,472,44,25.5,2.1
1358,New York,18345,3058,167,16.7,0.8
1359,North Carolina,7254,885,93,12.2,1.2
1360,North Dakota,628,69,11,11,1.6
1361,Ohio,11254,1424,122,12.7,1
1362,Oklahoma,3344,556,65,16.6,1.8
1363,Oregon,3234,382,58,11.8,1.7
1364,Pennsylvania,11889,1374,117,11.6,0.9
1365,Rhode Island,940,104,18,11,1.8
1366,South Carolina,3698,482,71,13,1.8
1367,South Dakota,701,82,12,11.8,1.6
1368,Tennessee,5528,878,110,15.9,1.8
1369,Texas,19184,3180,199,16.6,1
1370,Utah,1998,153,26,7.7,1.3
1371,Vermont,586,74,12,12.6,1.9
1372,Virginia,6481,795,110,12.3,1.6
1373,Washington,5620,666,101,11.9,1.7
1374,West Virginia,1745,323,36,18.5,1.9
1375,Wisconsin,5205,460,77,8.8,1.4
1376,Wyoming,486,58,8,11.9,1.6
1377,1995 (24),,,,,
1378,STATE,Total,Below poverty,Standard error,Percent,Standard error
1379,Alabama,4396,882,86,20.1,2
1380,Alaska,630,45,8,7.1,1.3
1381,Arizona,4337,700,77,16.1,1.8
1382,Arkansas,2532,376,44,14.9,1.8
1383,California,32055,5342,244,16.7,0.8
1384,Colorado,3793,335,54,8.8,1.4
1385,Connecticut,3276,318,55,9.7,1.7
1386,Delaware,713,74,12,10.3,1.7
1387,District of Columbia,551,122,13,22.2,2.3
1388,Florida,14306,2321,140,16.2,1
1389,Georgia,7262,878,106,12.1,1.5
1390,Hawaii,1187,122,20,10.3,1.7
1391,Idaho,1154,167,20,14.5,1.7
1392,Illinois,11761,1459,115,12.4,1
1393,Indiana,5673,545,84,9.6,1.5
1394,Iowa,2894,352,48,12.2,1.7
1395,Kansas,2535,273,41,10.8,1.6
1396,Kentucky,3876,572,68,14.7,1.8
1397,Louisiana,4306,849,82,19.7,1.9
1398,Maine,1225,138,22,11.2,1.8
1399,Maryland,5133,520,82,10.1,1.6
1400,Massachusetts,6065,665,70,11,1.2
1401,Michigan,9637,1174,100,12.2,1
1402,Minnesota,4628,427,67,9.2,1.4
1403,Mississippi,2685,630,56,23.5,2.1
1404,Missouri,5140,484,79,9.4,1.5
1405,Montana,870,133,15,15.3,1.8
1406,Nebraska,1648,159,25,9.6,1.5
1407,Nevada,1558,173,26,11.1,1.7
1408,New Hampshire,1139,60,15,5.3,1.3
1409,New Jersey,7879,617,70,7.8,0.9
1410,New Mexico,1806,457,37,25.3,2.1
1411,New York,18258,3020,153,16.5,0.8
1412,North Carolina,6935,877,86,12.6,1.3
1413,North Dakota,635,76,11,12,1.7
1414,Ohio,11211,1285,110,11.5,1
1415,Oklahoma,3204,548,59,17.1,1.8
1416,Oregon,3208,360,53,11.2,1.7
1417,Pennsylvania,12031,1464,113,12.2,0.9
1418,Rhode Island,962,102,17,10.6,1.8
1419,South Carolina,3741,744,79,19.9,2.1
1420,South Dakota,713,103,13,14.5,1.8
1421,Tennessee,5462,846,100,15.5,1.8
1422,Texas,18761,3270,184,17.4,1
1423,Utah,1999,168,26,8.4,1.3
1424,Vermont,593,61,10,10.3,1.7
1425,Virginia,6371,648,95,10.2,1.5
1426,Washington,5424,677,95,12.5,1.8
1427,West Virginia,1793,300,32,16.7,1.8
1428,Wisconsin,5300,449,72,8.5,1.4
1429,Wyoming,482,59,8,12.2,1.7
1430,1994 (25),,,,,
1431,STATE,Total,Below poverty,Standard error,Percent,Standard error
1432,Alabama,4299,704,80,16.4,1.9
1433,Alaska,592,61,8,10.2,1.4
1434,Arizona,4223,673,74,15.9,1.8
1435,Arkansas,2414,369,44,15.3,1.8
1436,California,31669,5658,233,17.9,0.7
1437,Colorado,3736,335,55,9,1.5
1438,Connecticut,3192,344,59,10.8,1.9
1439,Delaware,681,57,11,8.3,1.6
1440,District of Columbia,607,129,15,21.2,2.5
1441,Florida,14258,2128,123,14.9,0.9
1442,Georgia,7220,1012,120,14,1.7
1443,Hawaii,1106,97,17,8.7,1.6
1444,Idaho,1138,137,17,12,1.5
1445,Illinois,11808,1464,106,12.4,0.9
1446,Indiana,5967,816,106,13.7,1.8
1447,Iowa,2815,302,44,10.7,1.6
1448,Kansas,2522,375,45,14.9,1.8
1449,Kentucky,3843,710,76,18.5,2
1450,Louisiana,4351,1117,101,25.7,2.3
1451,Maine,1201,113,19,9.4,1.6
1452,Maryland,5045,541,83,10.7,1.7
1453,Massachusetts,6005,585,50,9.7,0.8
1454,Michigan,9519,1347,89,14.1,0.9
1455,Minnesota,4486,523,76,11.7,1.7
1456,Mississippi,2587,515,51,19.9,2
1457,Missouri,5107,797,100,15.6,2
1458,Montana,844,97,13,11.5,1.6
1459,Nebraska,1648,146,23,8.8,1.4
1460,Nevada,1521,168,22,11.1,1.5
1461,New Hampshire,1131,87,18,7.7,1.6
1462,New Jersey,7920,730,62,9.2,0.8
1463,New Mexico,1685,356,33,21.1,2
1464,New York,18213,3097,140,17,0.8
1465,North Carolina,6895,980,62,14.2,0.9
1466,North Dakota,627,65,9,10.4,1.5
1467,Ohio,11139,1571,103,14.1,0.9
1468,Oklahoma,3232,540,61,16.7,1.9
1469,Oregon,3152,373,54,11.8,1.7
1470,Pennsylvania,11967,1496,106,12.5,0.9
1471,Rhode Island,968,99,17,10.3,1.8
1472,South Carolina,3633,501,57,13.8,1.6
1473,South Dakota,737,107,12,14.5,1.6
1474,Tennessee,5338,779,89,14.6,1.7
1475,Texas,18894,3603,184,19.1,1
1476,Utah,1926,154,25,8,1.3
1477,Vermont,589,45,9,7.6,1.5
1478,Virginia,6616,710,91,10.7,1.4
1479,Washington,5259,614,83,11.7,1.6
1480,West Virginia,1804,336,37,18.6,2
1481,Wisconsin,5003,453,69,9,1.4
1482,Wyoming,485,45,8,9.3,1.7
1483,1993 (10),,,,,
1484,STATE,Total,Below poverty,Standard error,Percent,Standard error
1485,Alabama,4168,725,81,17.4,1.9
1486,Alaska,570,52,8,9.1,1.3
1487,Arizona,4003,615,72,15.4,1.8
1488,Arkansas,2421,484,49,20,2
1489,California,31970,5803,235,18.2,0.7
1490,Colorado,3564,354,56,9.9,1.6
1491,Connecticut,3259,277,54,8.5,1.7
1492,Delaware,711,73,12,10.2,1.7
1493,District of Columbia,597,158,16,26.4,2.7
1494,Florida,14118,2507,131,17.8,0.9
1495,Georgia,6825,919,115,13.5,1.7
1496,Hawaii,1135,91,17,8,1.5
1497,Idaho,1145,150,18,13.1,1.6
1498,Illinois,11725,1600,110,13.6,0.9
1499,Indiana,5751,704,100,12.2,1.7
1500,Iowa,2809,290,43,10.3,1.5
1501,Kansas,2496,327,42,13.1,1.7
1502,Kentucky,3740,763,78,20.4,2.1
1503,Louisiana,4246,1119,101,26.4,2.4
1504,Maine,1276,196,24,15.4,1.9
1505,Maryland,4925,479,79,9.7,1.6
1506,Massachusetts,5991,641,52,10.7,0.9
1507,Michigan,9560,1475,93,15.4,1
1508,Minnesota,4354,506,75,11.6,1.7
1509,Mississippi,2584,639,55,24.7,2.1
1510,Missouri,5185,832,102,16.1,2
1511,Montana,850,127,15,14.9,1.8
1512,Nebraska,1641,169,24,10.3,1.5
1513,Nevada,1444,141,21,9.8,1.4
1514,New Hampshire,1131,112,20,9.9,1.8
1515,New Jersey,7968,866,67,10.9,0.8
1516,New Mexico,1623,282,30,17.4,1.9
1517,New York,18218,2981,137,16.4,0.8
1518,North Carolina,6732,966,62,14.4,0.9
1519,North Dakota,625,70,10,11.2,1.6
1520,Ohio,11264,1461,100,13,0.9
1521,Oklahoma,3326,662,66,19.9,2
1522,Oregon,3077,363,53,11.8,1.8
1523,Pennsylvania,12073,1598,109,13.2,0.9
1524,Rhode Island,969,108,18,11.2,1.8
1525,South Carolina,3630,678,65,18.7,1.8
1526,South Dakota,717,102,12,14.2,1.6
1527,Tennessee,5092,998,98,19.6,1.9
1528,Texas,18266,3177,176,17.4,1
1529,Utah,1906,203,28,10.7,1.5
1530,Vermont,588,59,10,10,1.7
1531,Virginia,6470,627,86,9.7,1.3
1532,Washington,5224,634,85,12.1,1.6
1533,West Virginia,1803,400,39,22.2,2.2
1534,Wisconsin,5033,636,80,12.6,1.6
1535,Wyoming,481,64,10,13.3,2
1536,1992 (9),,,,,
1537,STATE,Total,Below poverty,Standard error,Percent,Standard error
1538,Alabama,4226,729,81,17.3,1.9
1539,Alaska,572,58,8,10.2,1.4
1540,Arizona,3851,607,71,15.8,1.9
1541,Arkansas,2463,430,47,17.5,1.9
1542,California,31701,5197,225,16.4,0.7
1543,Colorado,3478,376,58,10.8,1.7
1544,Connecticut,3272,321,57,9.8,1.8
1545,Delaware,709,55,11,7.8,1.5
1546,District of Columbia,591,120,14,20.3,2.5
1547,Florida,13714,2139,123,15.6,0.9
1548,Georgia,6664,1177,128,17.7,1.9
1549,Hawaii,1187,133,20,11.2,1.7
1550,Idaho,1095,166,19,15.2,1.7
1551,Illinois,11892,1857,117,15.6,1
1552,Indiana,5622,661,97,11.8,1.7
1553,Iowa,2846,328,46,11.5,1.6
1554,Kansas,2510,279,39,11.1,1.6
1555,Kentucky,3720,731,77,19.7,2.1
1556,Louisiana,4256,1043,99,24.5,2.3
1557,Maine,1239,167,23,13.5,1.8
1558,Maryland,4946,583,86,11.8,1.7
1559,Massachusetts,5843,600,50,10.3,0.9
1560,Michigan,9322,1271,87,13.6,0.9
1561,Minnesota,4318,561,78,13,1.8
1562,Mississippi,2725,671,56,24.6,2.1
1563,Missouri,5062,795,100,15.7,2
1564,Montana,855,118,15,13.8,1.7
1565,Nebraska,1606,169,24,10.6,1.5
1566,Nevada,1353,199,24,14.7,1.8
1567,New Hampshire,1114,97,19,8.7,1.7
1568,New Jersey,7803,803,65,10.3,0.8
1569,New Mexico,1611,348,32,21.6,2
1570,New York,17975,2820,134,15.7,0.8
1571,North Carolina,6813,1080,65,15.8,1
1572,North Dakota,616,74,10,12.1,1.6
1573,Ohio,11175,1398,98,12.5,0.9
1574,Oklahoma,3269,607,64,18.6,2
1575,Oregon,3039,346,52,11.4,1.7
1576,Pennsylvania,12018,1425,104,11.9,0.9
1577,Rhode Island,960,119,19,12.4,1.9
1578,South Carolina,3675,697,66,19,1.8
1579,South Dakota,705,106,12,15.1,1.7
1580,Tennessee,5036,858,93,17,1.9
1581,Texas,17921,3282,178,18.3,1
1582,Utah,1830,172,26,9.4,1.4
1583,Vermont,582,61,10,10.5,1.8
1584,Virginia,6241,592,84,9.5,1.4
1585,Washington,5138,574,81,11.2,1.6
1586,West Virginia,1795,401,39,22.3,2.2
1587,Wisconsin,5118,560,76,10.9,1.5
1588,Wyoming,475,49,9,10.3,1.8
1589,1991 (8),,,,,
1590,STATE,Total,Below poverty,Standard error,Percent,Standard error
1591,Alabama,4178,786,83,18.8,2
1592,Alaska,525,62,8,11.8,1.6
1593,Arizona,3603,532,67,14.8,1.9
1594,Arkansas,2450,425,47,17.3,1.9
1595,California,30735,4825,219,15.7,0.7
1596,Colorado,3319,347,56,10.4,1.7
1597,Connecticut,3341,287,55,8.6,1.6
1598,Delaware,709,53,10,7.5,1.5
1599,District of Columbia,530,98,13,18.6,2.5
1600,Florida,13412,2069,122,15.4,0.9
1601,Georgia,6265,1077,123,17.2,2
1602,Hawaii,1164,90,17,7.7,1.4
1603,Idaho,1035,144,17,13.9,1.7
1604,Illinois,11800,1598,110,13.5,0.9
1605,Indiana,5533,866,109,15.7,2
1606,Iowa,2821,271,42,9.6,1.5
1607,Kansas,2580,317,42,12.3,1.6
1608,Kentucky,3640,683,75,18.8,2.1
1609,Louisiana,4185,795,89,19,2.1
1610,Maine,1213,171,23,14.1,1.9
1611,Maryland,4767,432,75,9.1,1.6
1612,Massachusetts,5803,637,51,11,0.9
1613,Michigan,9263,1308,88,14.1,1
1614,Minnesota,4384,564,78,12.9,1.8
1615,Mississippi,2681,635,55,23.7,2.1
1616,Missouri,4993,740,97,14.8,1.9
1617,Montana,822,127,15,15.4,1.8
1618,Nebraska,1661,157,23,9.5,1.4
1619,Nevada,1237,141,21,11.4,1.7
1620,New Hampshire,1107,81,17,7.3,1.5
1621,New Jersey,7736,754,63,9.7,0.8
1622,New Mexico,1554,349,32,22.4,2.1
1623,New York,17914,2736,133,15.3,0.7
1624,North Carolina,6641,964,62,14.5,0.9
1625,North Dakota,635,92,11,14.5,1.7
1626,Ohio,11061,1488,101,13.4,0.9
1627,Oklahoma,3173,541,61,17,1.9
1628,Oregon,2967,401,56,13.5,1.9
1629,Pennsylvania,12147,1340,101,11,0.8
1630,Rhode Island,949,99,17,10.4,1.8
1631,South Carolina,3538,582,61,16.4,1.7
1632,South Dakota,689,96,11,14,1.6
1633,Tennessee,4787,744,88,15.5,1.8
1634,Texas,16964,2965,171,17.5,1
1635,Utah,1717,222,29,12.9,1.7
1636,Vermont,579,73,11,12.6,1.9
1637,Virginia,6144,608,85,9.9,1.4
1638,Washington,4989,474,75,9.5,1.5
1639,West Virginia,1830,327,37,17.9,2
1640,Wisconsin,4952,492,72,9.9,1.5
1641,Wyoming,470,47,8,9.9,1.8
1642,1990,,,,,
1643,STATE,Total,Below poverty,Standard error,Percent,Standard error
1644,Alabama,4063,779,83,19.2,2
1645,Alaska,499,57,8,11.4,1.6
1646,Arizona,3521,484,65,13.7,1.8
1647,Arkansas,2411,472,49,19.6,2
1648,California,29765,4128,205,13.9,0.7
1649,Colorado,3367,461,63,13.7,1.9
1650,Connecticut,3265,196,46,6,1.4
1651,Delaware,690,48,10,6.9,1.4
1652,District of Columbia,570,120,14,21.1,2.5
1653,Florida,13179,1896,117,14.4,0.9
1654,Georgia,6349,1001,120,15.8,1.9
1655,Hawaii,1100,121,19,11,1.7
1656,Idaho,1048,157,18,14.9,1.7
1657,Illinois,11696,1606,111,13.7,1
1658,Indiana,5480,714,100,13,1.8
1659,Iowa,2784,289,43,10.4,1.6
1660,Kansas,2510,259,38,10.3,1.5
1661,Kentucky,3620,628,73,17.3,2
1662,Louisiana,4034,952,96,23.6,2.3
1663,Maine,1231,162,22,13.1,1.8
1664,Maryland,4727,468,78,9.9,1.7
1665,Massachusetts,5832,626,51,10.7,0.9
1666,Michigan,9187,1315,88,14.3,1
1667,Minnesota,4366,524,76,12,1.7
1668,Mississippi,2663,684,56,25.7,2.1
1669,Missouri,5238,700,95,13.4,1.8
1670,Montana,820,134,15,16.3,1.9
1671,Nebraska,1617,167,24,10.3,1.5
1672,Nevada,1218,119,19,9.8,1.6
1673,New Hampshire,1085,68,16,6.3,1.5
1674,New Jersey,7741,711,61,9.2,0.8
1675,New Mexico,1524,319,31,20.9,2.1
1676,New York,18038,2571,129,14.3,0.7
1677,North Carolina,6377,829,58,13,0.9
1678,North Dakota,635,87,11,13.7,1.7
1679,Ohio,10890,1256,94,11.5,0.9
1680,Oklahoma,3091,481,58,15.6,1.9
1681,Oregon,2891,267,47,9.2,1.6
1682,Pennsylvania,12097,1328,100,11,0.8
1683,Rhode Island,946,71,15,7.5,1.6
1684,South Carolina,3391,548,60,16.2,1.8
1685,South Dakota,696,93,11,13.3,1.6
1686,Tennessee,4927,833,92,16.9,1.9
1687,Texas,16873,2684,164,15.9,1
1688,Utah,1739,143,24,8.2,1.4
1689,Vermont,564,61,10,10.9,1.8
1690,Virginia,6322,705,91,11.1,1.4
1691,Washington,4880,434,72,8.9,1.5
1692,West Virginia,1810,328,37,18.1,2
1693,Wisconsin,4815,448,69,9.3,1.4
1694,Wyoming,463,51,9,11,1.9
1695,1989,,,,,
1696,STATE,Total,Below poverty,Standard error,Percent,Standard error
1697,Alabama,4074,770,83,18.9,2
1698,Alaska,488,51,8,10.5,1.5
1699,Arizona,3556,502,66,14.1,1.9
1700,Arkansas,2419,442,48,18.3,2
1701,California,29346,3772,197,12.9,0.7
1702,Colorado,3258,393,59,12.1,1.8
1703,Connecticut,3136,90,32,2.9,1
1704,Delaware,676,68,12,10,1.7
1705,District of Columbia,569,102,14,18,2.4
1706,Florida,12762,1590,109,12.5,0.9
1707,Georgia,6197,929,116,15,1.9
1708,Hawaii,1086,122,19,11.3,1.8
1709,Idaho,1014,126,17,12.4,1.6
1710,Illinois,11559,1470,107,12.7,0.9
1711,Indiana,5453,749,102,13.7,1.9
1712,Iowa,2835,291,43,10.3,1.5
1713,Kansas,2434,262,38,10.8,1.6
1714,Kentucky,3576,576,70,16.1,2
1715,Louisiana,4080,950,95,23.3,2.3
1716,Maine,1233,128,20,10.4,1.6
1717,Maryland,4567,411,74,9,1.6
1718,Massachusetts,5831,513,47,8.8,0.8
1719,Michigan,9297,1228,86,13.2,0.9
1720,Minnesota,4268,478,73,11.2,1.7
1721,Mississippi,2574,566,53,22,2
1722,Missouri,5193,654,92,12.6,1.8
1723,Montana,816,127,15,15.6,1.8
1724,Nebraska,1602,204,26,12.8,1.6
1725,Nevada,1127,121,19,10.8,1.7
1726,New Hampshire,1100,84,17,7.7,1.6
1727,New Jersey,7623,622,58,8.2,0.8
1728,New Mexico,1519,297,31,19.5,2
1729,New York,17938,2254,122,12.6,0.7
1730,North Carolina,6301,770,56,12.2,0.9
1731,North Dakota,642,79,10,12.2,1.6
1732,Ohio,10754,1143,90,10.6,0.8
1733,Oklahoma,3126,460,57,14.7,1.8
1734,Oregon,2915,327,51,11.2,1.8
1735,Pennsylvania,12141,1261,98,10.4,0.8
1736,Rhode Island,963,64,14,6.7,1.5
1737,South Carolina,3446,585,61,17,1.8
1738,South Dakota,696,92,11,13.2,1.6
1739,Tennessee,4833,891,94,18.4,1.9
1740,Texas,16886,2880,169,17.1,1
1741,Utah,1683,138,24,8.2,1.4
1742,Vermont,556,44,9,8,1.6
1743,Virginia,6159,671,89,10.9,1.4
1744,Washington,4729,455,73,9.6,1.6
1745,West Virginia,1799,283,34,15.7,1.9
1746,Wisconsin,4694,393,65,8.4,1.4
1747,Wyoming,462,50,9,10.9,1.9
1748,1988 (7),,,,,
1749,STATE,Total,Below poverty,Standard error,Percent,Standard error
1750,Alabama,4015,775,83,19.3,2.1
1751,Alaska,480,53,8,11,1.7
1752,Arizona,3491,491,65,14.1,1.9
1753,Arkansas,2446,527,51,21.6,2.1
1754,California,27855,3687,249,13.2,0.9
1755,Colorado,3237,405,60,12.5,1.9
1756,Connecticut,3199,128,37,4,1.2
1757,Delaware,659,57,10,8.6,1.6
1758,District of Columbia,579,88,12,15.2,2.1
1759,Florida,12497,1704,107,13.6,0.9
1760,Georgia,6230,875,108,14,1.7
1761,Hawaii,1051,117,18,11.1,1.7
1762,Idaho,991,124,17,12.5,1.7
1763,Illinois,11344,1436,106,12.7,0.9
1764,Indiana,5530,560,90,10.1,1.6
1765,Iowa,2814,263,41,9.4,1.5
1766,Kansas,2399,195,34,8.1,1.4
1767,Kentucky,3605,634,74,17.6,2
1768,Louisiana,4249,968,98,22.8,2.3
1769,Maine,1201,159,21,13.2,1.8
1770,Maryland,4650,457,77,9.8,1.7
1771,Massachusetts,5861,497,46,8.5,0.8
1772,Michigan,9223,1112,83,12.1,0.9
1773,Minnesota,4421,514,74,11.6,1.7
1774,Mississippi,2588,704,58,27.2,2.2
1775,Missouri,5201,662,93,12.7,1.8
1776,Montana,795,116,14,14.6,1.8
1777,Nebraska,1600,164,24,10.3,1.5
1778,Nevada,1084,93,17,8.6,1.6
1779,New Hampshire,1089,73,16,6.7,1.4
1780,New Jersey,7628,475,50,6.2,0.7
1781,New Mexico,1495,343,31,23,2.1
1782,New York,17635,2369,157,13.4,0.9
1783,North Carolina,6312,796,57,12.6,0.9
1784,North Dakota,654,76,10,11.6,1.6
1785,Ohio,10903,1356,96,12.4,0.9
1786,Oklahoma,3146,543,62,17.3,2
1787,Oregon,2727,285,48,10.4,1.8
1788,Pennsylvania,12120,1246,98,10.3,0.8
1789,Rhode Island,1008,99,17,9.8,1.7
1790,South Carolina,3405,528,58,15.5,1.7
1791,South Dakota,707,101,11,14.2,1.6
1792,Tennessee,4901,883,95,18,1.9
1793,Texas,16686,3006,172,18,1
1794,Utah,1662,162,25,9.8,1.5
1795,Vermont,532,43,8,8.1,1.6
1796,Virginia,5970,647,87,10.8,1.5
1797,Washington,4625,402,69,8.7,1.5
1798,West Virginia,1880,337,37,17.9,2
1799,Wisconsin,4696,364,63,7.8,1.3
1800,Wyoming,454,43,8,9.6,1.8
1801,1987 (7),,,,,
1802,STATE,Total,Below poverty,Standard error,Percent,Standard error
1803,Alabama,3989,851,86,21.3,2.2
1804,Alaska,499,60,8,12,1.7
1805,Arizona,3459,444,62,12.8,1.8
1806,Arkansas,2468,537,51,21.8,2.1
1807,California,27877,3443,188,12.3,0.7
1808,Colorado,3184,398,60,12.5,1.9
1809,Connecticut,3127,207,42,6.6,1.4
1810,Delaware,637,42,9,6.6,1.4
1811,District of Columbia,587,88,12,14.9,2.1
1812,Florida,12262,1523,102,12.4,0.8
1813,Georgia,6049,883,108,14.6,1.8
1814,Hawaii,1086,95,16,8.8,1.5
1815,Idaho,991,150,18,15.1,1.8
1816,Illinois,11503,1655,112,14.4,1
1817,Indiana,5398,597,78,11.1,1.4
1818,Iowa,2892,419,51,14.5,1.8
1819,Kansas,2435,225,36,9.2,1.5
1820,Kentucky,3666,634,74,17.3,2
1821,Louisiana,4268,1071,102,25.1,2.4
1822,Maine,1144,134,20,11.7,1.7
1823,Maryland,4558,420,62,9.2,1.4
1824,Massachusetts,5845,477,45,8.2,0.8
1825,Michigan,8973,1095,82,12.2,0.9
1826,Minnesota,4294,484,72,11.3,1.7
1827,Mississippi,2553,637,56,25,2.2
1828,Missouri,5100,716,85,14,1.7
1829,Montana,798,144,16,18,2
1830,Nebraska,1610,191,26,11.9,1.6
1831,Nevada,1026,107,18,10.4,1.8
1832,New Hampshire,1054,51,13,4.8,1.2
1833,New Jersey,7503,626,58,8.3,0.8
1834,New Mexico,1443,280,29,19.4,2
1835,New York,17470,2506,128,14.3,0.7
1836,North Carolina,6183,853,59,13.8,0.9
1837,North Dakota,655,75,10,11.4,1.6
1838,Ohio,10799,1375,97,12.7,0.9
1839,Oklahoma,3209,547,61,17,1.9
1840,Oregon,2709,384,55,14.2,2
1841,Pennsylvania,11770,1249,98,10.6,0.8
1842,Rhode Island,974,79,15,8.1,1.6
1843,South Carolina,3274,512,57,15.6,1.8
1844,South Dakota,714,109,12,15.2,1.7
1845,Tennessee,4679,792,91,16.9,1.9
1846,Texas,16607,2917,170,17.6,1
1847,Utah,1689,173,26,10.2,1.5
1848,Vermont,534,50,9,9.3,1.7
1849,Virginia,5871,583,83,9.9,1.4
1850,Washington,4489,450,73,10,1.6
1851,West Virginia,1889,408,40,21.6,2.1
1852,Wisconsin,4738,428,67,9,1.4
1853,Wyoming,451,49,9,10.8,1.9
1854,1986,,,,,
1855,STATE,Total,Below poverty,Standard error,Percent,Standard error
1856,Alabama,4025,959,87,23.8,2.2
1857,Alaska,517,59,8,11.4,1.5
1858,Arizona,3386,484,63,14.3,1.9
1859,Arkansas,2342,499,48,21.3,2.1
1860,California,27082,3453,184,12.7,0.7
1861,Colorado,3157,426,59,13.5,1.9
1862,Connecticut,3125,186,43,6,1.4
1863,Delaware,639,79,12,12.4,1.9
1864,District of Columbia,602,77,12,12.8,2
1865,Florida,11779,1342,98,11.4,0.8
1866,Georgia,6023,879,110,14.6,1.8
1867,Hawaii,1024,109,18,10.7,1.7
1868,Idaho,973,180,19,18.5,1.9
1869,Illinois,11445,1517,105,13.3,0.9
1870,Indiana,5312,674,95,12.7,1.8
1871,Iowa,2907,376,47,12.9,1.6
1872,Kansas,2433,269,38,11.1,1.5
1873,Kentucky,3560,630,70,17.7,2
1874,Louisiana,4338,953,93,22,2.1
1875,Maine,1127,115,19,10.2,1.6
1876,Maryland,4504,414,72,9.2,1.6
1877,Massachusetts,5846,538,46,9.2,0.8
1878,Michigan,9112,1267,84,13.9,0.9
1879,Minnesota,4131,517,73,12.5,1.8
1880,Mississippi,2610,695,55,26.6,2.1
1881,Missouri,4998,722,93,14.4,1.9
1882,Montana,823,136,15,16.5,1.8
1883,Nebraska,1617,220,26,13.6,1.6
1884,Nevada,1010,82,16,8.1,1.5
1885,New Hampshire,1002,37,11,3.7,1.1
1886,New Jersey,7624,679,58,8.9,1.1
1887,New Mexico,1434,306,30,21.3,2.1
1888,New York,17585,2322,120,13.2,0.7
1889,North Carolina,6178,884,58,14.3,0.9
1890,North Dakota,651,88,10,13.5,1.6
1891,Ohio,10703,1372,94,12.8,0.9
1892,Oklahoma,3184,469,56,14.7,1.8
1893,Oregon,2702,332,50,12.3,1.8
1894,Pennsylvania,11782,1190,93,10.1,0.8
1895,Rhode Island,953,87,16,9.1,1.7
1896,South Carolina,3288,569,59,17.3,1.8
1897,South Dakota,697,118,12,17,1.7
1898,Tennessee,4650,853,90,18.3,1.9
1899,Texas,16371,2825,163,17.3,1
1900,Utah,1659,209,27,12.6,1.7
1901,Vermont,529,58,10,11,1.8
1902,Virginia,5624,547,79,9.7,1.4
1903,Washington,4369,563,78,12.9,1.8
1904,West Virginia,1927,432,39,22.4,2.1
1905,Wisconsin,4697,501,70,10.7,1.5
1906,Wyoming,496,73,10,14.6,2
1907,1985 (26),,,,,
1908,STATE,Total,Below poverty,Standard error,Percent,Standard error
1909,Alabama,3981,821,82,20.6,2.1
1910,Alaska,510,45,7,8.7,1.4
1911,Arizona,3227,345,54,10.7,1.7
1912,Arkansas,2364,541,50,22.9,2.1
1913,California,26456,3596,188,13.6,0.7
1914,Colorado,3176,324,53,10.2,1.7
1915,Connecticut,3111,237,49,7.6,1.6
1916,Delaware,624,71,11,11.4,1.8
1917,District of Columbia,603,123,14,20.4,2.4
1918,Florida,11537,1551,105,13.4,0.9
1919,Georgia,5867,1037,118,17.7,2
1920,Hawaii,1018,109,18,10.7,1.7
1921,Idaho,996,159,18,16,1.8
1922,Illinois,11743,1830,113,15.6,1
1923,Indiana,5302,639,93,12,1.7
1924,Iowa,2815,505,53,17.9,1.9
1925,Kansas,2395,331,41,13.8,1.7
1926,Kentucky,3650,708,74,19.4,2
1927,Louisiana,4322,781,86,18.1,2
1928,Maine,1129,134,20,11.9,1.8
1929,Maryland,4209,364,68,8.7,1.6
1930,Massachusetts,5899,544,47,9.2,0.8
1931,Michigan,9051,1308,86,14.5,0.9
1932,Minnesota,4146,523,73,12.6,1.8
1933,Mississippi,2564,644,53,25.1,2.1
1934,Missouri,5011,689,91,13.7,1.8
1935,Montana,835,134,15,16,1.7
1936,Nebraska,1589,235,27,14.8,1.7
1937,Nevada,968,139,20,14.4,2
1938,New Hampshire,988,59,14,6,1.5
1939,New Jersey,7608,631,56,8.3,0.7
1940,New Mexico,1447,267,28,18.5,2
1941,New York,17668,2796,130,15.8,0.7
1942,North Carolina,6073,863,57,14.2,0.9
1943,North Dakota,681,108,11,15.9,1.7
1944,Ohio,10629,1359,94,12.8,0.9
1945,Oklahoma,3280,526,59,16,1.8
1946,Oregon,2671,317,49,11.9,1.8
1947,Pennsylvania,11554,1217,94,10.5,0.8
1948,Rhode Island,933,84,15,9,1.7
1949,South Carolina,3219,489,55,15.2,1.7
1950,South Dakota,689,119,12,17.3,1.7
1951,Tennessee,4619,837,89,18.1,1.9
1952,Texas,16231,2582,157,15.9,1
1953,Utah,1652,180,26,10.9,1.6
1954,Vermont,524,48,9,9.2,1.7
1955,Virginia,5567,558,79,10,1.4
1956,Washington,4371,526,76,12,1.7
1957,West Virginia,1894,423,39,22.3,2.1
1958,Wisconsin,4693,544,73,11.6,1.6
1959,Wyoming,506,61,9,12,1.8
1960,1984 (6),,,,,
1961,STATE,Total,Below poverty,Standard error,Percent,Standard error
1962,Alabama,3875,738,76,19.1,1.8
1963,Alaska,507,49,20,9.6,3.7
1964,Arizona,3133,569,67,18.2,1.9
1965,Arkansas,2364,564,67,23.9,2.5
1966,California,25596,3375,163,13.2,0.6
1967,Colorado,3067,274,47,8.9,1.5
1968,Connecticut,3152,218,42,6.9,1.3
1969,Delaware,611,63,22,10.3,3.5
1970,District of Columbia,607,128,32,21.1,4.7
1971,Florida,11194,1693,116,15.1,1
1972,Georgia,5822,981,88,16.9,1.4
1973,Hawaii,997,92,27,9.3,2.6
1974,Idaho,992,171,37,17.3,3.4
1975,Illinois,11649,1753,118,15,0.9
1976,Indiana,5419,697,74,12.9,1.3
1977,Iowa,2876,419,58,14.6,1.9
1978,Kansas,2420,260,45,10.7,1.8
1979,Kentucky,3721,709,75,19.1,1.8
1980,Louisiana,4304,888,84,20.6,1.7
1981,Maine,1167,152,35,13,2.8
1982,Maryland,4106,358,53,8.7,1.2
1983,Massachusetts,5845,519,64,8.9,1
1984,Michigan,8962,1495,109,16.7,1.1
1985,Minnesota,4164,381,55,9.1,1.3
1986,Mississippi,2504,628,71,25.1,2.4
1987,Missouri,4958,720,76,14.5,1.4
1988,Montana,836,115,30,13.8,3.4
1989,Nebraska,1608,213,41,13.3,2.4
1990,Nevada,962,101,28,10.5,2.8
1991,New Hampshire,958,68,23,7.1,2.3
1992,New Jersey,7511,758,78,10.1,1
1993,New Mexico,1437,280,47,19.5,2.9
1994,New York,17560,2806,149,16,0.8
1995,North Carolina,5900,860,83,14.6,1.3
1996,North Dakota,683,106,29,15.4,3.9
1997,Ohio,10619,1429,106,13.5,0.9
1998,Oklahoma,3200,426,58,13.3,1.7
1999,Oregon,2593,331,51,12.8,1.8
2000,Pennsylvania,11722,1825,120,15.6,0.9
2001,Rhode Island,946,121,31,12.8,3.1
2002,South Carolina,3258,561,67,17.2,1.9
2003,South Dakota,691,100,28,14.5,3.8
2004,Tennessee,4603,800,80,17.4,1.6
2005,Texas,15639,2448,139,15.7,0.8
2006,Utah,1647,183,38,11.1,2.2
2007,Vermont,514,65,23,12.6,4.1
2008,Virginia,5563,554,66,10,1.1
2009,Washington,4242,479,62,11.3,1.4
2010,West Virginia,1922,392,56,20.4,2.6
2011,Wisconsin,4698,730,76,15.5,1.5
2012,Wyoming,488,53,21,10.9,4
2013,1983,,,,,
2014,STATE,Total,Below poverty,Standard error,Percent,Standard error
2015,Alabama,3950,909,89,23,2
2016,Alaska,486,61,8,12.6,1.5
2017,Arizona,2875,469,61,16.3,2
2018,Arkansas,2283,492,56,21.5,2.2
2019,California,25169,3755,194,14.9,0.7
2020,Colorado,3083,390,55,12.6,1.7
2021,Connecticut,3149,276,50,8.8,1.5
2022,Delaware,602,52,10,8.6,1.6
2023,District of Columbia,604,130,17,21.5,2.5
2024,Florida,10850,1595,133,14.7,1.1
2025,Georgia,5581,1050,107,18.8,1.7
2026,Hawaii,998,129,19,12.9,1.8
2027,Idaho,980,174,22,17.7,2
2028,Illinois,11345,1617,132,14.3,1.1
2029,Indiana,5382,865,91,16.1,1.6
2030,Iowa,2828,473,61,16.7,2
2031,Kansas,2369,321,48,13.6,1.9
2032,Kentucky,3752,670,85,17.9,2.1
2033,Louisiana,4360,939,90,21.5,1.8
2034,Maine,1157,144,22,12.4,1.8
2035,Maryland,4112,358,58,8.7,1.4
2036,Massachusetts,5731,443,59,7.7,1
2037,Michigan,9056,1518,124,16.8,1.3
2038,Minnesota,4138,502,72,12.1,1.6
2039,Mississippi,2481,669,64,27,2.2
2040,Missouri,4837,807,90,16.7,1.7
2041,Montana,810,125,17,15.4,1.9
2042,Nebraska,1577,240,33,15.2,1.9
2043,Nevada,885,86,16,9.7,1.7
2044,New Hampshire,938,76,15,8.1,1.6
2045,New Jersey,7451,828,89,11.1,1.1
2046,New Mexico,1385,340,36,24.5,2.2
2047,New York,17576,2817,165,16,0.9
2048,North Carolina,5890,933,102,15.8,1.6
2049,North Dakota,685,103,14,15,1.9
2050,Ohio,10681,1434,121,13.4,1.1
2051,Oklahoma,3259,553,65,17,1.8
2052,Oregon,2597,419,58,16.1,2
2053,Pennsylvania,11640,1797,135,15.4,1.1
2054,Rhode Island,971,141,21,14.5,2
2055,South Carolina,3295,687,75,20.8,2
2056,South Dakota,689,127,15,18.4,2
2057,Tennessee,4663,933,101,20,1.9
2058,Texas,15587,2499,172,16,1
2059,Utah,1591,214,29,13.5,1.7
2060,Vermont,531,83,12,15.6,2.1
2061,Virginia,5448,618,94,11.3,1.6
2062,Washington,4274,460,73,10.8,1.6
2063,West Virginia,1898,419,45,22.1,2.1
2064,Wisconsin,4736,504,80,10.7,1.6
2065,Wyoming,486,61,10,12.6,1.9
2066,1982,,,,,
2067,STATE,Total,Below poverty,Standard error,Percent,Standard error
2068,Alabama,3937,849,82,21.6,1.8
2069,Alaska,432,46,19,10.6,4.2
2070,Arizona,2765,408,57,14.8,1.9
2071,Arkansas,2219,527,65,23.8,2.5
2072,California,24613,3475,165,14.1,0.6
2073,Colorado,3064,387,55,12.6,1.7
2074,Connecticut,3126,254,45,8.1,1.4
2075,Delaware,611,70,24,11.5,3.6
2076,District of Columbia,609,117,31,19.3,4.5
2077,Florida,10514,1601,112,15.2,1
2078,Georgia,5472,1074,92,19.6,1.5
2079,Hawaii,997,132,32,13.2,3
2080,Idaho,967,151,35,15.6,3.3
2081,Illinois,11284,1512,109,13.4,0.9
2082,Indiana,5415,683,74,12.6,1.3
2083,Iowa,2770,371,54,13.4,1.8
2084,Kansas,2365,247,44,10.4,1.8
2085,Kentucky,3618,587,68,16.2,1.7
2086,Louisiana,4299,976,88,22.7,1.8
2087,Maine,1133,156,35,13.7,2.9
2088,Maryland,4190,516,64,12.3,1.4
2089,Massachusetts,5748,590,68,10.3,1.1
2090,Michigan,9117,1481,108,16.2,1.1
2091,Minnesota,4120,546,66,13.3,1.5
2092,Mississippi,2454,562,67,22.9,2.4
2093,Missouri,4798,699,74,14.6,1.4
2094,Montana,793,134,33,17,3.8
2095,Nebraska,1582,216,41,13.6,2.4
2096,Nevada,897,70,24,7.8,2.5
2097,New Hampshire,943,97,28,10.3,2.8
2098,New Jersey,7367,896,84,12.2,1.1
2099,New Mexico,1355,303,49,22.4,3.2
2100,New York,17656,2607,143,14.8,0.8
2101,North Carolina,5928,1201,97,20.3,1.5
2102,North Dakota,658,85,26,12.9,3.7
2103,Ohio,10711,1366,104,12.8,0.9
2104,Oklahoma,3111,478,62,15.4,1.8
2105,Oregon,2557,354,53,13.9,1.9
2106,Pennsylvania,11619,1572,111,13.5,0.9
2107,Rhode Island,942,125,32,13.3,3.1
2108,South Carolina,3301,701,75,21.2,2
2109,South Dakota,677,114,30,16.8,4
2110,Tennessee,4679,1106,94,23.6,1.8
2111,Texas,15153,2450,139,16.2,0.8
2112,Utah,1575,229,43,14.5,2.5
2113,Vermont,519,67,23,12.9,4.2
2114,Virginia,5329,668,73,12.5,1.3
2115,Washington,4259,549,66,12.9,1.4
2116,West Virginia,1951,484,62,24.8,2.8
2117,Wisconsin,4733,452,60,9.5,1.2
2118,Wyoming,481,58,21,12,4.2
2119,1981 (5),,,,,
2120,STATE,Total,Below poverty,Standard error,Percent,Standard error
2121,Alabama,3878,935,86,24.1,1.9
2122,Alaska,403,36,17,9,4
2123,Arizona,2751,323,51,11.7,1.7
2124,Arkansas,2247,541,65,24.1,2.5
2125,California,24112,3216,159,13.3,0.6
2126,Colorado,2958,285,48,9.6,1.5
2127,Connecticut,3084,254,45,8.2,1.4
2128,Delaware,587,72,24,12.3,3.8
2129,District of Columbia,612,111,30,18.1,4.4
2130,Florida,10277,1704,116,16.6,1
2131,Georgia,5415,881,84,16.3,1.4
2132,Hawaii,953,108,29,11.3,2.9
2133,Idaho,962,171,37,17.7,3.5
2134,Illinois,11338,1371,104,12.1,0.9
2135,Indiana,5431,685,74,12.6,1.3
2136,Iowa,2815,368,54,13.1,1.8
2137,Kansas,2282,267,46,11.7,1.9
2138,Kentucky,3668,708,75,19.3,1.8
2139,Louisiana,4262,938,86,22,1.8
2140,Maine,1116,179,38,16,3.1
2141,Maryland,4123,442,59,10.7,1.4
2142,Massachusetts,5804,518,64,8.9,1.1
2143,Michigan,9096,1184,97,13,1
2144,Minnesota,4034,438,59,10.9,1.4
2145,Mississippi,2408,618,70,25.7,2.5
2146,Missouri,4814,634,71,13.2,1.4
2147,Montana,813,107,29,13.1,3.3
2148,Nebraska,1579,221,42,14,2.5
2149,Nevada,884,93,27,10.5,2.9
2150,New Hampshire,929,70,24,7.6,2.4
2151,New Jersey,7331,736,76,10,1
2152,New Mexico,1303,243,44,18.6,3
2153,New York,17471,2516,141,14.4,0.7
2154,North Carolina,5820,1016,90,17.5,1.4
2155,North Dakota,626,89,27,14.2,3.9
2156,Ohio,10751,1369,104,12.7,0.9
2157,Oklahoma,2985,413,57,13.8,1.8
2158,Oregon,2693,331,51,12.3,1.8
2159,Pennsylvania,11738,1367,104,11.6,0.8
2160,Rhode Island,936,109,29,11.7,3
2161,South Carolina,3347,615,70,18.4,1.9
2162,South Dakota,675,132,32,19.5,4.3
2163,Tennessee,4502,943,86,20.9,1.7
2164,Texas,14641,2258,133,15.4,0.8
2165,Utah,1516,185,38,12.2,2.4
2166,Vermont,535,66,23,12.3,4
2167,Virginia,5257,662,72,12.6,1.3
2168,Washington,4168,471,61,11.3,1.4
2169,West Virginia,2003,398,56,19.9,2.5
2170,Wisconsin,4741,384,55,8.1,1.1
2171,Wyoming,482,43,18,8.9,3.7
2172,1980,,,,,
2173,STATE,Total,Below poverty,Standard error,Percent,Standard error
2174,Alabama,3831,810,80,21.2,1.9
2175,Alaska,379,36,17,9.6,4.3
2176,Arizona,2774,354,53,12.8,1.8
2177,Arkansas,2249,484,62,21.5,2.4
2178,California,23748,2619,144,11,0.6
2179,Colorado,2869,247,44,8.6,1.5
2180,Connecticut,3090,255,45,8.3,1.4
2181,Delaware,578,68,23,11.8,3.8
2182,District of Columbia,626,131,32,20.9,4.6
2183,Florida,10100,1692,116,16.7,1
2184,Georgia,5243,727,76,13.9,1.3
2185,Hawaii,954,81,25,8.5,2.5
2186,Idaho,934,138,33,14.7,3.3
2187,Illinois,11259,1386,105,12.3,0.9
2188,Indiana,5490,645,72,11.8,1.2
2189,Iowa,2868,311,50,10.8,1.6
2190,Kansas,2286,215,41,9.4,1.7
2191,Kentucky,3641,701,75,19.3,1.8
2192,Louisiana,4273,868,83,20.3,1.7
2193,Maine,1077,158,35,14.6,3
2194,Maryland,4104,389,56,9.5,1.3
2195,Massachusetts,5725,542,66,9.5,1.1
2196,Michigan,9227,1194,97,12.9,1
2197,Minnesota,3920,342,52,8.7,1.3
2198,Mississippi,2429,591,68,24.3,2.5
2199,Missouri,4800,625,70,13,1.4
2200,Montana,774,102,29,13.2,3.4
2201,Nebraska,1532,199,40,13,2.4
2202,Nevada,840,70,24,8.3,2.7
2203,New Hampshire,907,63,22,7,2.4
2204,New Jersey,7316,659,72,9,0.9
2205,New Mexico,1304,268,46,20.6,3.2
2206,New York,17321,2391,137,13.8,0.7
2207,North Carolina,5836,877,83,15,1.3
2208,North Dakota,640,99,28,15.5,4
2209,Ohio,10630,1046,91,9.8,0.8
2210,Oklahoma,2916,406,57,13.9,1.8
2211,Oregon,2684,309,50,11.5,1.7
2212,Pennsylvania,11665,1142,95,9.8,0.8
2213,Rhode Island,911,97,28,10.7,2.9
2214,South Carolina,3174,534,65,16.8,1.9
2215,South Dakota,677,127,32,18.8,4.2
2216,Tennessee,4519,884,84,19.6,1.7
2217,Texas,14326,2247,133,15.7,0.9
2218,Utah,1488,148,34,10,2.2
2219,Vermont,520,62,22,12,4
2220,Virginia,5204,647,72,12.4,1.3
2221,Washington,4223,538,65,12.7,1.4
2222,West Virginia,1952,297,49,15.2,2.3
2223,Wisconsin,4724,403,57,8.5,1.1
2224,Wyoming,468,49,20,10.4,4
2225,"Source: U.S. Census Bureau, Current Population Survey, 1960 to 2020 Annual Social and Economic Supplements (CPS ASEC).",,,,,
2226,Footnotes are available at <www.census.gov/topics/income-poverty/poverty/guidance/poverty-footnotes/cps-historic-footnotes.html>.,,,,,
